,artist,master_genre
0,Mark Ronson,Pop music
1,Ed Sheeran,Pop music
2,Wiz Khalifa,Hip hop
3,Fetty Wap,Rock music
4,Maroon 5,Pop music
5,Walk The Moon,Pop music
6,Taylor Swift,Pop music
7,Weeknd,Pop music
8,OMI,Pop music
9,Ellie Goulding,Pop music
10,Hozier,Blues music
11,Major Lazer and DJ Snake,Fusion music
12,Jason Derulo,Pop music
13,Skrillex and Diplo With Justin Bieber,Blues music
14,Rachel Platten,Pop music
15,Meghan Trainor,Pop music
16,Fifth Harmony,Pop music
17,Omarion,Pop music
18,Andy Grammer,Pop music
19,Sam Smith,Pop music
20,Selena Gomez,Pop music
21,Drake,Pop music
22,David Guetta,Pop music
23,Flo Rida,Pop music
24,Justin Bieber,Pop music
25,Adele,Pop music
26,Shawn Mendes,Pop music
27,Tove Lo,Pop music
28,Nick Jonas,Pop music
29,R. City,Pop music
30,Natalie La Rose,Pop music
31,Fall Out Boy,Pop music
32,Sam Hunt,Country music
33,Big Sean,Hip hop
34,Rihanna,Pop music
35,Rich Homie Quan,Hip hop
36,T-Wayne,Hip hop
37,Nicki Minaj,Pop music
38,Sia,Pop music
39,Demi Lovato,Pop music
40,X Ambassadors,Pop music
41,Usher,Pop music
42,Beyonce,Pop music
43,Little Big Town,Country music
44,Trey Songz,Pop music
45,One Direction,Pop music
46,Ariana Grande,Pop music
47,Meek Mill,Hip hop
48,Rae Sremmurd,Hip hop
49,Vance Joy,Alternative rock
50,Jidenna,Hip hop
51,Elle King,Pop music
52,Charlie Puth,Pop music
53,James Newton Howard,
54,O.T. Genasis,Hip hop
55,"Jessie J, Ariana Grande and Nicki Minaj",Pop music
56,iLoveMakonnen,Hip hop
57,iLoveMemphis,Rock music
58,Macklemore and Ryan Lewis,Pop music
59,Luke Bryan,Country music
60,George Ezra,Pop music
61,Kelly Clarkson,Pop music
62,Ella Henderson,Pop music
63,Alessia Cara,Pop music
64,Mr. Probz,Pop music
65,Nicky Jam and Enrique Iglesias,Rock music
66,Ne-Yo,Pop music
67,Pharrell Williams,Pop music
68,Katy Perry,Pop music
69,John Legend,Pop music
70,Iggy Azalea,Pop music
71,OneRepublic,Pop music
72,MAGIC!,Pop music
73,Pitbull,Pop music
74,Bastille,Pop music
75,Nico and Vinz,Pop music
76,Eminem,Hip hop
77,Lorde,Pop music
78,Passenger,Alternative rock
79,Idina Menzel,Pop music
80,Avicii,House music
81,Imagine Dragons,Alternative rock
82,"Jessie J, Ariana Grande & Nicki Minaj",Pop music
83,Disclosure,Alternative rock
84,Chris Brown,Pop music
85,American Authors,Alternative rock
86,Calvin Harris,Pop music
87,Charli XCX,Pop music
88,Enrique Iglesias,Pop music
89,Clean Bandit,Pop music
90,Jeremih,Pop music
91,Kid Ink,Hip hop
92,Miley Cyrus,Pop music
93,Justin Timberlake,Pop music
94,Paramore,Pop music
95,Aloe Blacc,Jazz
96,Florida Georgia Line,Country music
97,Mkto,Pop music
98,Coldplay,Pop music
99,Bobby Shmurda,Hip hop
100,Yg,Hip hop
101,Echosmith,Pop music
102,Jason Aldean,Country music
103,Tinashe,Pop music
104,Brantley Gilbert,Country music
105,Becky G,Pop music
106,Rixton,Pop music
107,Martin Garrix,Jazz
108,Rich Gang,Hip hop
109,Kenny Chesney,Country music
110,Sara Bareilles,Pop music
111,The Neighbourhood,Pop music
112,Michael Jackson and Justin Timberlake,Pop music
113,Dierks Bentley,Country music
114,Lady Antebellum,Country music
115,Naughty Boy,Pop music
116,Robin Thicke,Pop music
117,Lady Gaga,Pop music
118,Shakira,Pop music
119,5 Seconds Of Summer,Pop music
120,T.I.,Hip hop
121,Lil Wayne,Pop music
122,Mike Will Made-It,Hip hop
123,Jake Owen,Country music
124,Macklemore & Ryan Lewis,Pop music
125,Zedd,House music
126,Schoolboy Q,Hip hop
127,Lee Brice,Country music
128,Baauer,Fusion music
129,P!nk,Pop music
130,Daft Punk,House music
131,will.i.am & Britney Spears,Pop music
132,Bruno Mars,Pop music
133,Jay Z,Hip hop
134,Anna Kendrick,Pop music
135,Ylvis,
136,Icona Pop,Pop music
137,Capital Cities,Pop music
138,PSY,Pop music
139,Blake Shelton,Country music
140,2 Chainz & Wiz Khalifa,Hip hop
141,will.i.am,Pop music
142,Mariah Carey,Pop music
143,Darius Rucker,Country music
144,fun.,Pop music
145,Miranda Lambert,Country music
146,J. Cole,Hip hop
147,Rocko,Hip hop
148,Tim McGraw With Taylor Swift,Country music
149,Hunter Hayes,Country music
150,YG,Hip hop
151,Olly Murs,Pop music
152,Phillip Phillips,Pop music
153,Thomas Rhett,Country music
154,Emeli Sande,Pop music
155,Ke$ha,Pop music
156,Wale,Hip hop
157,Ciara,Pop music
158,Randy Houser,Country music
159,Avril Lavigne,Pop music
160,Brett Eldredge,Country music
161,Sage The Gemini,Hip hop
162,Kendrick Lamar,Hip hop
163,Ace Hood,Hip hop
164,Tyler Farr,Country music
165,Krewella,House music
166,Mike WiLL Made-It,Hip hop
167,Gotye,Rock music
168,Carly Rae Jepsen,Pop music
169,The Wanted,Pop music
170,LMFAO,Pop music
171,Train,Pop music
172,Neon Trees,Pop music
173,Jason Mraz,Pop music
174,"Kanye West, Big Sean, Pusha T, 2 Chainz",Pop music
175,Alex Clare,Pop music
176,Snoop Dogg and Wiz Khalifa,Hip hop
177,Owl City and Carly Rae Jepsen,Heavy metal
178,Jay Z and Kanye West,
179,Tyga,Hip hop
180,Jessie J,Pop music
181,Gym Class Heroes,Pop music
182,2 Chainz,Hip hop
183,Cher Lloyd,Pop music
184,Eric Church,Country music
185,Karmin,Pop music
186,Gavin DeGraw,Pop music
187,Carrie Underwood,Country music
188,The Lumineers,Alternative rock
189,Kirko Bangz,Hip hop
190,B.o.B,Hip hop
191,Toby Keith,Country music
192,Selena Gomez and The Scene,Pop music
193,T-Pain,Hip hop
194,Christina Perri,Pop music
195,Havana Brown,Pop music
196,Ca$h Out,Hip hop
197,Kip Moore,Country music
198,Miguel,Pop music
199,Eli Young Band,Country music
200,Linkin Park,Heavy metal
201,The Black Eyed Peas,Pop music
202,Jennifer Lopez,Pop music
203,Foster The People,Pop music
204,P!Nk,Pop music
205,Britney Spears,Pop music
206,Lupe Fiasco,Hip hop
207,Ke$Ha,Pop music
208,Hot Chelle Rae,Pop music
209,Bad Meets Evil,Hip hop
210,The Band Perry,Country music
211,Diddy – Dirty Money,Pop music
212,Taio Cruz,Pop music
213,Waka Flocka Flame,Hip hop
214,DJ Khaled,Hip hop
215,Cobra Starship,Pop music
216,Dr. Dre,Hip hop
217,Nelly,Hip hop
218,Kelly Rowland,Pop music
219,Edward Maya & Vika Jigulina,House music
220,Far*East Movement,Pop music
221,Kanye West,Pop music
222,Tinie Tempah,Pop music
223,The Script,Pop music
224,Keri Hilson,Pop music
225,Selena Gomez & The Scene,Pop music
226,Zac Brown Band,Country music
227,Brad Paisley With Carrie Underwood,Country music
228,Dev,Pop music
229,New Boyz,Pop music
230,Rodney Atkins,Country music
231,Mike Posner,Pop music
232,Thompson Square,Country music
233,Young Money,Hip hop
234,Black Eyed Peas,Pop music
235,Travie McCoy,Pop music
236,Iyaz,Pop music
237,Owl City,Pop music
238,Ludacris,Hip hop
239,Far East Movement,Pop music
240,Timbaland,Hip hop
241,Michael Buble,Pop music
242,Jay Sean,Pop music
243,La Roux,Electronic music
244,Adam Lambert,Pop music
245,Kris Allen,Pop music
246,Orianthi,Pop music
247,Shontelle,Pop music
248,Boys Like Girls,Pop music
249,3OH!3,Pop music
250,Alicia Keyes,Pop music
251,Kevin Rudolf,Pop music
252,Sugarland,Country music
253,Kings of Leon,Rock music
254,Daughtry,Alternative rock
255,Uncle Kraker,
256,Cali Swag District,Hip hop
257,Jerrod Niemann,Country music
258,The All-American Rejects,Pop music
259,The Fray,Pop music
260,Kings Of Leon,Rock music
261,Jamie Foxx,Pop music
262,Soulja Boy Tell ’em,Hip hop
263,Shinedown,Heavy metal
264,Kid Cudi,Hip hop
265,Sean Kingston,Pop music
266,Jason DeRulo,Pop music
267,Pink,Pop music
268,The Pussycat Dolls,Pop music
269,Nickelback,Rock music
270,Akon,Pop music
271,Jordin Sparks,Pop music
272,Jay-Z + Alicia Keys,Hip hop
273,Mario,Pop music
274,Colbie Caillat,Pop music
275,The Veronicas,Pop music
276,Fabolous,Hip hop
277,Asher Roth,Hip hop
278,Green Day,Rock music
279,Soulja Boy Tell’em,Hip hop
280,The-Dream,Pop music
281,Brad Paisley,Country music
282,Rob Thomas,Pop music
283,Jesse McCartney,Pop music
284,Billy Currington,Country music
285,Kristinia DeBarge,Pop music
286,Jim Jones and Ron Browz,Hip hop
287,Maxwell,Gospel music
288,Leona Lewis,Pop music
289,Alicia Keys,Pop music
290,Jordin Sparks Duet With Chris Brown,Pop music
291,Natasha Bedingfield,Pop music
292,Madonna,Pop music
293,Finger Eleven,Heavy metal
294,Fergie,Pop music
295,Kardinal Offishall,Hip hop
296,Metro Station,Punk rock
297,M.I.A.,Pop music
298,Plies,Hip hop
299,Estelle,Pop music
300,Danity Kane,Pop music
301,Buckcherry,Heavy metal
302,Webbie,Hip hop
303,Snoop Dogg,Hip hop
304,Colby O’Donis,Pop music
305,3 Doors Down,Heavy metal
306,Wyclef Jean,Hip hop
307,Secondhand Serenade,Pop music
308,John Mayer,Pop music
309,J. Holiday,Pop music
310,David Banner,Hip hop
311,Young Jeezy,Hip hop
312,David Cook,Pop music
313,Three 6 Mafia,Hip hop
314,Baby Bash,Hip hop
315,Jonas Brothers,Pop music
316,David Archuleta,Pop music
317,Mary J. Blige,Pop music
318,Rick Ross,Hip hop
319,Kid Rock,Heavy metal
320,The Game,Hip hop
321,Keyshia Cole,Pop music
322,Trace Adkins,Country music
323,Gavin Rossdale,Alternative rock
324,Saving Abel,Heavy metal
325,Santana,Rock music
326,2 Pistols,Hip hop
327,Gwen Stefani,Pop music
328,Plain White T’s,Pop music
329,Nelly Furtado,Pop music
330,Shop Boyz,Hip hop
331,Mims,Hip hop
332,Jim Jones,Hip hop
333,Unk,Hip hop
334,Huey,Hip hop
335,Lloyd,Pop music
336,Elliott Yamin,Pop music
337,Diddy,Pop music
338,Hinder,Heavy metal
339,R. Kelly Or Bow Wow (feat. T.I. & T-Pain),Pop music
340,The Red Jumpsuit Apparatus,Fusion music
341,Baby Boy Da Prince,Hip hop
342,Bow Wow,Hip hop
343,Hurricane Chris,Hip hop
344,Bone Thugs-N-Harmony,Hip hop
345,My Chemical Romance,Punk rock
346,Snow Patrol,Rock music
347,Rich Boy,Hip hop
348,Amy Winehouse,Pop music
349,Paula DeAnda,Pop music
350,Hellogoodbye,Pop music
351,Pretty Ricky,Pop music
352,Lifehouse,Alternative rock
353,50 Cent,Hip hop
354,Red Hot Chili Peppers,Heavy metal
355,Crime Mob,Hip hop
356,Daniel Powter,Pop music
357,Sean Paul,Pop music
358,James Blunt,Pop music
359,Gnarls Barkley,Pop music
360,Chamillionaire,Hip hop
361,Cassie,Pop music
362,Yung Joc,Hip hop
363,Panic! At The Disco,Alternative rock
364,Lil Jon,Hip hop
365,Dem Franchize Boyz,Hip hop
366,Rascal Flatts,Country music
367,Cascada,Pop music
368,Christina Aguilera,Pop music
369,Bubba Sparxxx,Hip hop
370,Fort Minor,Hip hop
371,D4L,Hip hop
372,E-40,Hip hop
373,Nick Lachey,Pop music
374,Field Mob,Hip hop
375,Cherish,Pop music
376,KT Tunstall,Pop music
377,Juelz Santana,Hip hop
378,Young Dro,Hip hop
379,Chingy,Hip hop
380,Kelis,Pop music
381,Jibbs,Hip hop
382,Ray J,Pop music
383,Bon Jovi,Rock music
384,JoJo,Pop music
385,Busta Rhymes,Hip hop
386,Daddy Yankee,Rock music
387,Evanescence,Heavy metal
388,Blue October,Alternative rock
389,Gorillaz,Rock music
390,Taylor Hicks,
391,Teddy Geiger,Pop music
392,Missy Elliott,Hip hop
393,The Killers,Rock music
394,Weezer,Rock music
395,Destiny’s Child,Pop music
396,Will Smith,Hip hop
397,Frankie J,Pop music
398,D.H.T.,Hip hop
399,Papa Roach,Heavy metal
400,Howie Day,Pop music
401,Bobby Valentino,Pop music
402,Trillville,Hip hop
403,Fat Joe,Hip hop
404,Trick Daddy,Hip hop
405,Ying Yang Twins,Hip hop
406,Backstreet Boys,Pop music
407,Amerie,Pop music
408,Foo Fighters,Rock music
409,Natalie,Pop music
410,Fantasia,Pop music
411,Brooke Valentine,Pop music
412,The Click Five,Pop music
413,Ryan Cabrera,Pop music
414,Mike Jones,Pop music
415,Jay-Z/Linkin Park,Hip hop
416,Ja Rule,Hip hop
417,112,Pop music
418,Faith Hill,Country music
419,OutKast,Hip hop
420,Hoobastank,Heavy metal
421,Mario Winans,Pop music
422,Terror Squad,Hip hop
423,J-Kwon,Hip hop
424,Juvenile,Hip hop
425,Petey Pablo,Hip hop
426,Twista,Hip hop
427,Lil’ Flip,Hip hop
428,Jay-Z,Hip hop
429,Nina Sky,Pop music
430,Christina Milian,Pop music
431,Kevin Lyttle,Pop music
432,Sheryl Crow,Pop music
433,Cassidy,Hip hop
434,Dido,Pop music
435,Los Lonely Boys,Rock music
436,No Doubt,Pop music
437,Ashlee Simpson,Pop music
438,Jessica Simpson,Pop music
439,Switchfoot,Alternative rock
440,Houston,Hip hop
441,Ruben Studdard,Jazz
442,Lloyd Banks,Hip hop
443,Jagged Edge,Pop music
444,D12,Hip hop
445,Jadakiss,Hip hop
446,Eamon,Pop music
447,Avant,Pop music
448,LL Cool J,Hip hop
449,YoungBloodZ,Hip hop
450,Lil Jon and The East Side Boyz,Hip hop
451,Monica,Pop music
452,Jet,Rock music
453,Five For Fighting,Pop music
454,R. Kelly,Pop music
455,Nick Cannon,Pop music
456,Tim McGraw,Country music
457,Alan Jackson,Country music
458,Beenie Man,Reggae
459,G-Unit,Hip hop
460,Keith Urban,Country music
461,Gretchen Wilson,Country music
462,John Michael Montgomery,Country music
463,matchbox twenty,Rock music
464,"Nelly, P. Diddy and Murphy Lee",Hip hop
465,Uncle Kracker,Country music
466,Lil’ Kim,Hip hop
467,B2K and P. Diddy,Pop music
468,Ashanti,Pop music
469,Tyrese,Pop music
470,Wayne Wonder,Reggae
471,Pharrell,Pop music
472,Dixie Chicks,Country music
473,Nivea,Pop music
474,Lumidee,Pop music
475,Clay Aiken,Pop music
476,Trapt,Heavy metal
477,Ginuwine,Jazz
478,Michelle Branch,Pop music
479,Shania Twain,Country music
480,Nas,Hip hop
481,Daniel Bedingfield,Pop music
482,Mya,Pop music
483,Lonestar,Country music
484,Amanda Perez,Pop music
485,Puddle Of Mudd,Heavy metal
486,Jewel,Pop music
487,Erykah Badu,Jazz
488,2Pac,Hip hop
489,Jaheim,Gospel music
490,Mark Wills,Country music
491,Young Gunz,Hip hop
492,Brooks and Dunn,Country music
493,Darryl Worley,Country music
494,Thalia,Latin music
495,Audioslave,Rock music
496,Norah Jones,Pop music
497,Floetry,Jazz
498,The Calling,Alternative rock
499,Vanessa Carlton,Pop music
500,Jimmy Eat World,Pop music
501,P. Diddy,Hip hop
502,Eve,Hip hop
503,Creed,Alternative rock
504,Chad Kroeger,Heavy metal
505,Default,Heavy metal
506,Cam’ron,Hip hop
507,‘N Sync,Pop music
508,N.O.R.E.,Hip hop
509,Tweet,Jazz
510,Irv Gotti Presents The Inc.,Hip hop
511,Kylie Minogue,Pop music
512,Musiq,Gospel music
513,Mr. Cheeks,Pop music
514,Big Tymers,Hip hop
515,Craig David,Pop music
516,LeAnn Rimes,Country music
517,Faith Evans,Jazz
518,Michael Jackson,Pop music
519,Brandy,Pop music
520,City High,Pop music
521,Goo Goo Dolls,Rock music
522,Dirty Vegas,House music
523,Steve Holy,Country music
524,B2K,Pop music
525,Celine Dion,Pop music
526,George Strait,Country music
527,Alanis Morissette,Pop music
528,Toya,Gospel music
529,Janet,Pop music
530,Lenny Kravitz,Rock music
531,Blu Cantrell,Pop music
532,Shaggy,Pop music
533,Joe,Jazz
534,Staind,Heavy metal
535,Incubus,Heavy metal
536,Outkast,Hip hop
537,Crazy Town,Heavy metal
538,Moby,Electronic music
539,K-Ci and JoJo,Jazz
540,O-Town,Pop music
541,Sugar Ray,Pop music
542,Aerosmith,Rock music
543,Case,Gospel music
544,Lil’ Mo,Gospel music
545,Evan And Jaron,Pop music
546,Mystikal,Hip hop
547,Enya,Fusion music
548,S Club 7,Pop music
549,Tamia,Pop music
550,Sunshine Anderson,Jazz
551,Dave Matthews Band,Rock music
552,Musiq Soulchild,Gospel music
553,3LW,Pop music
554,U2,Rock music
555,Isley Brothers,Jazz
556,Jessica Andrews,Country music
557,Erick Sermon,Hip hop
558,Willa Ford,Pop music
559,Diamond Rio,Country music
560,Travis Tritt,Country music
561,Eve 6,Pop music
562,Debelah Morgan,Pop music
563,QB’s Finest,Hip hop
564,Fuel,Heavy metal
565,Vertical Horizon,Alternative rock
566,Savage Garden,Pop music
567,Toni Braxton,Jazz
568,Sisqo,Pop music
569,Brian McKnight,Jazz
570,Marc Anthony,Latin music
571,Montell Jordan,Jazz
572,Macy Gray,Pop music
573,Blaque,Pop music
574,BBMak,Pop music
575,Sonique,House music
576,Nine Days,Alternative rock
577,Ruff Endz,Jazz
578,Blink 182,Pop music
579,Third Eye Blind,Pop music
580,Whitney Houston,Pop music
581,Smash Mouth,Pop music
582,iffel 65,Pop music
583,Sting,Rock music
584,Next,Gospel music
585,Everclear,Pop music
586,Filter,Heavy metal
587,Son By Four,Rock music
588,Carl Thomas,Gospel music
589,Donell Jones,Pop music
590,SoulDecision,Pop music
591,DMX,Hip hop
592,Jo Dee Messina,Country music
593,Westlife,Pop music
594,Chad Brock,Country music
595,Da Brat,Pop music
596,Kandi,Pop music
597,Alice Deejay,Hip hop
598,Sammie,Pop music
599,Kevon Edmonds,Gospel music
600,Lil Bow Wow,Hip hop
601,Aaliyah,Pop music
602,Samantha Mumba,Pop music
603,Mary Mary,Gospel music
604,Cher,Pop music
605,TLC,Pop music
606,Sixpence None The Richer,Pop music
607,Deborah Cox,Pop music
608,Ricky Martin,Pop music
609,702,Gospel music
610,Sarah McLachlan,Pop music
611,Eagle-Eye Cherry,Alternative rock
612,Pearl Jam,Rock music
613,Everlast,Heavy metal
614,Lauryn Hill,Pop music
615,Lou Bega,Pop music
616,Shawn Mullins,Alternative rock
617,Matchbox 20,Rock music
618,Tal Bachman,Alternative rock
619,JT Money,Hip hop
620,Jesse Powell,Gospel music
621,Total,Gospel music
622,Silk,Jazz
623,Jordan Knight,Pop music
624,Eric Benet,Jazz
625,Dru Hill,Jazz
626,Mark Chesnutt,Country music
627,Chante Moore,Jazz
628,Fastball,Rock music
629,Naughty By Nature,Hip hop
630,Joey McIntyre,Pop music
631,Puff Daddy,Hip hop
632,Citizen King,Rock music
633,Alabama,Country music
634,Elton John,Rock music
635,Paula Cole,Pop music
636,Puff Daddy and The Family,Hip hop
637,Jennifer Paige,Pop music
638,Public Announcement,Gospel music
639,Uncle Sam,Gospel music
640,Marcy Playground,Rock music
641,Robyn,Pop music
642,Boyz II Men,Pop music
643,Mase,Hip hop
644,Lsg,Gospel music
645,Chumbawamba,Punk rock
646,Lord Tariq and Peter Gunz,Pop music
647,Five,Pop music
648,Jon B.,Jazz
649,Master P,Hip hop
650,All Saints,Pop music
651,Voices Of Theory,Gospel music
652,Billie Myers,Pop music
653,Hanson,Pop music
654,Barenaked Ladies,Pop music
655,Xscape,Jazz
656,Somethin’ For The People,Gospel music
657,Lisa Loeb,Pop music
658,Inoj,Gospel music
659,Ace Of Base,Pop music
660,Spice Girls,Pop music
661,Pras Feat. Ol’ Dirty Bastard and Mya,Pop music
662,Kelly Price,Gospel music
663,Edwin McCain,Pop music
664,Sister Hazel,Pop music
665,Monifah,Gospel music
666,Lox,Hip hop
667,The Verve,Rock music
668,Big Punisher,Hip hop
669,Nu Flavor,Blues music
670,Jd,Hip hop
671,Missy “Misdemeanor” Elliott,Hip hop
672,Aretha Franklin,Jazz
673,Gerald Levert,Jazz
674,TQ,Pop music
675,Puff Daddy and Faith Evans,Hip hop
676,En Vogue,Jazz
677,Mark Morrison,Gospel music
678,Meredith Brooks,Pop music
679,Keith Sweat,Jazz
680,Duncan Sheik,Pop music
681,Az Yet,Gospel music
682,Notorious B.I.G.,Hip hop
683,Verve Pipe,Rock music
684,BLACKstreet,Pop music
685,Babyface,Jazz
686,Changing Faces,Gospel music
687,Shawn Colvin,Pop music
688,Tim McGraw and Faith Hill,Country music
689,Gina G,Pop music
690,Merril Bainbridge,Pop music
691,New Edition,Jazz
692,No Mercy,Pop music
693,Foxy Brown,Hip hop
694,Journey,Rock music
695,Mc Lyte,Hip hop
696,Donna Lewis,Pop music
697,White Town,Rock music
698,Coolio,Hip hop
699,Eric Clapton,Rock music
700,Scarface,Hip hop
701,Bruce Springsteen,Rock music
702,Seal,Pop music
703,Luscious Jackson,Pop music
704,Warren G,Hip hop
705,SWV,Jazz
706,Michael Bolton,Rock music
707,Real McCoy,Hip hop
708,Mr. President,Hip hop
709,Aqua,Pop music
710,Cranberries,Rock music
711,DJ Kool,Hip hop
712,Tony Rich Project,Gospel music
713,Tracy Chapman,Pop music
714,Quad City Dj’s,Hip hop
715,Everything But The Girl,Electronic music
716,Gin Blossoms,Rock music
717,Jann Arden,Pop music
718,La Bouche,Hip hop
719,Dishwalla,Alternative rock
720,Joan Osborne,Pop music
721,Natalie Merchant,Pop music
722,Deep Blue Something,Pop music
723,Collective Soul,Rock music
724,3t,Gospel music
725,The Smashing Pumpkins,Rock music
726,Hootie and The Blowfish,Rock music
727,Color Me Badd,Gospel music
728,Oasis,Rock music
729,Groove Theory,Gospel music
730,Blues Traveler,Rock music
731,George Michael,Pop music
732,Kris Kross,Hip hop
733,Robert Miles,Pop music
734,Bodeans,Rock music
735,D’angelo,Jazz
736,John Mellencamp,Rock music
737,Sophie B. Hawkins,Pop music
738,Melissa Etheridge,Pop music
739,Amber,Pop music
740,Planet Soul,Hip hop
741,Junior M.A.F.I.A.,Hip hop
742,Maxi Priest,Reggae
743,Do Or Die,Hip hop
744,Metallica,Heavy metal
745,Crucial Conflict,Hip hop
746,Take That,Pop music
747,Los Del Rio,Hip hop
748,Adina Howard,Gospel music
749,All-4-One,Pop music
750,Bryan Adams,Rock music
751,Nicki French,Hip hop
752,Des’ree,Pop music
753,Ini Kamoze,Reggae
754,Soul For Real,Gospel music
755,Blessid Union Of Souls,Alternative rock
756,Vanessa Williams,Gospel music
757,Brownstone,Gospel music
758,Martin Page,Pop music
759,Luniz,Hip hop
760,Mokenstef,Country music
761,Method Man-Mary J. Blige,Hip hop
762,4 P.M.,Blues music
763,Corona,Hip hop
764,Del Amitri,Rock music
765,Jodeci,Gospel music
766,Skee-lo,Hip hop
767,Tom Petty,Rock music
768,69 Boyz,Hip hop
769,Janet Jackson,Pop music
770,Subway,Blues music
771,Jade,Gospel music
772,20 Fingers,Hip hop
773,Annie Lennox,Pop music
774,Immature,Gospel music
775,Crystal Waters,Hip hop
776,Az,Hip hop
777,Better Than Ezra,Rock music
778,Gloria Estefan,Pop music
779,After 7,Gospel music
780,Firehouse,Rock music
781,Stevie B,Hip hop
782,Rednex,Hip hop
783,Pretenders,Rock music
784,Soul Asylum,Rock music
785,Van Halen,Rock music
786,Salt-N-Pepa,Hip hop
787,Warren G and Nate Dogg,Hip hop
788,Jon Secada,Pop music
789,Richard Marx,Rock music
790,Enigma,Electronic music
791,Crash Test Dummies,Pop music
792,Tevin Campbell,Jazz
793,Meat Loaf,Rock music
794,"10,000 Maniacs",Pop music
795,US3,Jazz
796,Tag Team,Hip hop
797,Beck,Alternative rock
798,Snoop Doggy Dogg,Hip hop
799,Domino,Rock music
800,Aaron Hall,Jazz
801,Jimmy Cliff,Reggae
802,Erasure,Pop music
803,Zhane,Gospel music
804,Gabrielle,Alternative rock
805,Culture Beat,Hip hop
806,Tom Petty and The Heartbreakers,Rock music
807,Joshua Kadison,Rock music
808,Eternal,Pop music
809,Craig Mack,Hip hop
810,Queen Latifah,Hip hop
811,Phil Collins,Rock music
812,Heavy D and The Boyz,Hip hop
813,Four Seasons,Pop music
814,Bonnie Raitt,Rock music
815,General Public,Electronic music
816,Haddaway,Hip hop
817,Ice Cube,Hip hop
818,UB40,Rock music
819,Shai,Gospel music
820,Wreckx-N-Effect,Hip hop
821,Snow,Hip hop
822,H-Town,Pop music
823,Duice,Hip hop
824,Robin S.,House music
825,Peabo Bryson and Regina Belle,Alternative rock
826,Vanessa Willlams and Brian Mcknight,Pop music
827,Expose,Jazz
828,Paperboy,Hip hop
829,Snap,Hip hop
830,Billy Joel,Rock music
831,Proclaimers,Rock music
832,Spin Doctors,Rock music
833,Arrested Development,Hip hop
834,Rod Stewart,Rock music
835,Shanice,Gospel music
836,Duran Duran,Rock music
837,Tony! Toni! Tone!,Jazz
838,Onyx,Hip hop
839,P.M. Dawn,Gospel music
840,Tina Turner,Rock music
841,95 South,Hip hop
842,Shil,Gospel music
843,Bobby Brown,Gospel music
844,4 Non Blondes,Rock music
845,Prince and The New Power Generation,Pop music
846,Portrait,Gospel music
847,Ugly Kid Joe,Rock music
848,Positive K,Hip hop
849,Cypress Hill,Hip hop
850,Inner Circle,Reggae
851,Kenny G,Jazz
852,Jazzy Jeff and Fresh Prince,Hip hop
853,Restless Heart,Country music
854,Captain Hollywood Project,Hip hop
855,Digable Planets,Hip hop
856,Go West,Rock music
857,Tears For Fears,Rock music
858,Green Jelly,Heavy metal
859,Taylor Dayne,Rock music
860,Def Leppard,Rock music
861,Sir Mix A-lot,Hip hop
862,Mr. Big,Rock music
863,Right Said Fred,Pop music
864,Billy Ray Cyrus,Country music
865,Guns N’ Roses,Rock music
866,Tom Cochrane,Rock music
867,CeCe Peniston,Hip hop
868,Patty Smyth,Rock music
869,House Of Pain,Hip hop
870,Prince and The N.P.G.,Rock music
871,George Michael and Elton John,Pop music
872,Atlantic Starr,Rock music
873,Joe Public,Gospel music
874,Nirvana,Rock music
875,Teven Campbell,Jazz
876,Technotronic,Hip hop
877,Queen,Rock music
878,Hammer,Hip hop
879,K.W.S.,Hip hop
880,Mint Condition,Gospel music
881,Cover Girls,Hip hop
882,Hi-Five,Gospel music
883,Amy Grant,Pop music
884,Toad The Wet Sprocket,Rock music
885,Genesis,Rock music
886,Karyn White,Gospel music
887,Calms Dion And Peabo Bryson,Alternative rock
888,Marky Mark And The Funky Bunch,Hip hop
889,Cure,Rock music
890,Paula Abdul,Pop music
891,N2Deep,Hip hop
892,Kathy Troccoli,Rock music
893,Charles and Eddie,Pop music
894,Das EFX,Hip hop
895,C+C Music Factory,Pop music
896,Timmy T,Hip hop
897,EMF,Alternative rock
898,Extreme,Rock music
899,Surface,Gospel music
900,Damn Yankees,Rock music
901,Bette Midler,Pop music
902,Jesus Jones,Alternative rock
903,Marky Mark and The Funky Bunch,Hip hop
904,Roxette,Pop music
905,Tara Kemp,Hip hop
906,Wilson Phillips,Pop music
907,Ralph Tresvant,Gospel music
908,Cathy Dennis,Hip hop
909,Londonbeat,Hip hop
910,Natural Selection,Pop music
911,R.E.M.,Rock music
912,D.J. Jazzy Jeff and The Fresh Prince,Hip hop
913,Scorpions,Rock music
914,Rhythm Syndicate,Pop music
915,Tracie Spencer,Gospel music
916,Luther Vandross,Blues music
917,Divinyls,Rock music
918,DMA,Pop music
919,Another Bad Creation,Pop music
920,Nelson,Rock music
921,Vanilla Ice,Hip hop
922,Corina,Hip hop
923,Escape Club,Rock music
924,Prince And The N.P.G.,Hip hop
925,Heavy D. and The Boyz,Hip hop
926,Styx,Rock music
927,Rick Astley,Rock music
928,Tesla,Rock music
929,Michael W. Smith,Rock music
930,Poison,Rock music
931,Chris Issak,Rock music
932,Oleta Adams,Jazz
933,Queensryche,Heavy metal
934,Will To Power,Hip hop
935,Aaron Neville,Jazz
936,Black Box,Hip hop
937,Gerardo,Hip hop
938,INXS,Rock music
939,Deee-Lite,Hip hop
940,Chesney Hawkes,Pop music
941,Warrent,Rock music
942,Winger,Rock music
943,Sinead O’Connor,Rock music
944,Bell Biv Devoe,Pop music
945,Billy Idol,Rock music
946,Jon Bon Jovi,Rock music
947,Heart,Rock music
948,Alannah Myles,Rock music
949,Lisa Stansfield,Pop music
950,Calloway,Hip hop
951,Johnny Gill,Jazz
952,Glenn Medeiros,Rock music
953,Sweet Sensation,Hip hop
954,Jane Child,Hip hop
955,Seduction,Hip hop
956,Linear,Hip hop
957,New Kids On The Block,Pop music
958,James Ingram,Gospel music
959,Tommy Page,Hip hop
960,B-52’s,Rock music
961,Jody Watley,Gospel music
962,Soul II Soul,Jazz
963,Milli Vanilli,Pop music
964,M.C. Hammer,Hip hop
965,Michel’le,Gospel music
966,Lou Gramm,Rock music
967,Digital Underground,Hip hop
968,Pebbles,Gospel music
969,Depeche Mode,Electronic music
970,Bad English,Rock music
971,Tyler Collins,Gospel music
972,Chicago,Rock music
973,Skid Row,Rock music
974,Faith No More,Heavy metal
975,B-52s,Rock music
976,Paul Young,Rock music
977,The Cover Girls,Hip hop
978,Kiss,Rock music
979,The Time,Blues music
980,Biz Markie,Hip hop
981,A’me Lorain,Blues music
982,Motley Crue,Rock music
983,Mellow Man Ace,Hip hop
984,Kyper,Hip hop
985,Boy Meets Girl,Rock music
986,Debbie Gibson,Rock music
987,Warrant,Pop music
988,Fine Young Cannibals,Rock music
989,Simply Red,Blues music
990,Martika,Rock music
991,Mike and The Mechanics,Rock music
992,The Bangles,Rock music
993,Tone Loc,Hip hop
994,Neneh Cherry,Pop music
995,Sheriff,Rock music
996,Sheena Easton,Rock music
997,Young M.C.,Hip hop
998,Great White,Rock music
999,Michael Damian,Hip hop
1000,Love and Rockets,Alternative rock
1001,Donny Osmond,Pop music
1002,White Lion,Rock music
1003,.38 Special,Alternative rock
1004,Bangles,Rock music
1005,Natalie Cole,Jazz
1006,Jeff Healey Band,Blues music
1007,Eddie Money,Rock music
1008,Lita Ford,Rock music
1009,Tiffany,Jazz
1010,When In Rome,Pop music
1011,Edie Brickell and The New Bohemians,Pop music
1012,Boys Club,Punk rock
1013,Samantha Fox,Hip hop
1014,Alice Cooper,Rock music
1015,Donna Summer,Pop music
1016,Deon Estus,Gospel music
1017,Sa-fire,Pop music
1018,Don Henley,Rock music
1019,George Harrison,Rock music
1020,Belinda Carlisle,Rock music
1021,Steve Winwood,Rock music
1022,Terence Trent d’Arby,Rock music
1023,Cheap Trick,Rock music
1024,Billy Ocean,Rock music
1025,Whitesnake,Rock music
1026,Robert Palmer,Rock music
1027,Eric Carnen,Rock music
1028,Johnny Hates Jazz,Rock music
1029,Bobby McFerrin,Jazz
1030,Beach Boys,Rock music
1031,Jets,Gospel music
1032,Information Society,Electronic music
1033,Roger,Blues music
1034,Huey Lewis and The News,Rock music
1035,Pretty Poison,Hip hop
1036,Peter Cetera,Rock music
1037,Daryl Hall and John Oates,Rock music
1038,Foreigner,Rock music
1039,Pet Shop Boys,Electronic music
1040,Brenda Russell,Gospel music
1041,Paul Carrack,Rock music
1042,Al B. Sure!,Gospel music
1043,John Cougar Mellancamp,Hip hop
1044,Brenda K. Starr,Hip hop
1045,David Lee Roth,Rock music
1046,Gregory Abbott,Gospel music
1047,Starship,Rock music
1048,Robbie Nevil,Pop music
1049,Los Lobos,Rock music
1050,Wang Chung,Rock music
1051,Crowded House,Rock music
1052,Lisa Lisa and Cult Jam,Hip hop
1053,Billy Vera and The Beaters,Rock music
1054,Chris De Burgh,Rock music
1055,Bill Medley and Jennifer Warnes,Rock music
1056,Club Nouveau,Gospel music
1057,Cutting Crew,Rock music
1058,T’pau,Rock music
1059,Kim Wilde,Pop music
1060,Georgia Satellites,Rock music
1061,Aretha Franklin and George Michael,Pop music
1062,Prince,
1063,Fleetwood Mac,Rock music
1064,Suzanne Vega,Pop music
1065,Bananarama,Pop music
1066,Europe,Rock music
1067,System,Gospel music
1068,Cyndi Lauper,Rock music
1069,Dan Hill,Rock music
1070,Swing Out Sister,Rock music
1071,Ben E. King,Jazz
1072,Glass Tiger,Rock music
1073,ABC,Electronic music
1074,Levert,Gospel music
1075,Whispers,Jazz
1076,Peter Gabriel,Rock music
1077,Survivor,Rock music
1078,Smokey Robinson,Jazz
1079,Kool and The Gang,Jazz
1080,Breakfast Club,Rock music
1081,Lionel Richie,Jazz
1082,Kenny Loggins,Rock music
1083,Beastie Boys,Hip hop
1084,Pseudo Echo,Rock music
1085,Ready For The World,Gospel music
1086,Dionne and Friends,Jazz
1087,Klymaxx,Gospel music
1088,Mr. Mister,Rock music
1089,Eddie Murphy,Hip hop
1090,Simple Minds,Rock music
1091,Human League,Electronic music
1092,Nu Shooz,Rock music
1093,Berlin,Rock music
1094,Falco,Pop music
1095,Level 42,Rock music
1096,Howard Jones,Rock music
1097,Dire Straits,Rock music
1098,Boston,Rock music
1099,Stacey Q,Electronic music
1100,Orchestral Manoeuvres In The Dark,Electronic music
1101,Sade,Jazz
1102,Stevie Nicks,Rock music
1103,Jermaine Stewart,Hip hop
1104,Lisa Lisa and Cult Jam With Full Force,Hip hop
1105,Outfield,Rock music
1106,Wham!,Pop music
1107,Scritti Politti,Rock music
1108,James Brown,Jazz
1109,John Cougar Mellencamp,Rock music
1110,El Debarge,Jazz
1111,Cameo,Jazz
1112,Baltimora,Electronic music
1113,Timex Social Club,Hip hop
1114,Dream Academy,Rock music
1115,ZZ Top,Rock music
1116,Cars,Rock music
1117,Sheila E.,Jazz
1118,Regina,Gospel music
1119,Arcadia,Electronic music
1120,Run-D.M.C.,Hip hop
1121,Anita Baker,Jazz
1122,Moody Blues,Rock music
1123,Starpoint,Rock music
1124,Daryl Hall,Rock music
1125,Force M.D.’s,Jazz
1126,Thompson Twins,Rock music
1127,Toto,Rock music
1128,Stevie Wonder,Jazz
1129,Chaka Khan,Jazz
1130,A-Ha,Rock music
1131,REO Speedwagon,Rock music
1132,John Parr,Rock music
1133,Glenn Frey,Rock music
1134,Jan Hammer,Rock music
1135,Debarge,Jazz
1136,Honeydrippers,Rock music
1137,Pointer Sisters,Rock music
1138,Pat Benatar,Rock music
1139,Commodores,Jazz
1140,Corey Hart,Rock music
1141,Diana Ross,Jazz
1142,Animotion,Electronic music
1143,Harold Faltermeyer,
1144,Mary Jane Girls,Blues music
1145,‘Til Tuesday,Rock music
1146,Eurythmics,Rock music
1147,Paul McCartney,Rock music
1148,Katrina and The Waves,Rock music
1149,Julian Lennon,Rock music
1150,Power Station,Rock music
1151,Ashford and Simpson,Jazz
1152,Jermaine Jackson,Jazz
1153,Night Ranger,Rock music
1154,Yes,Rock music
1155,Ray Parker Jr.,Jazz
1156,Culture Club,Rock music
1157,John Waite,Rock music
1158,Deniece Williams,Jazz
1159,Romantics,Rock music
1160,Laura Branigan,Rock music
1161,Matthew Wilder,Rock music
1162,Nena,Electronic music
1163,Dan Hartman,House music
1164,Steve Perry,Rock music
1165,Olivia Newton-John,Pop music
1166,Peabo Bryson,Jazz
1167,Shannon,Jazz
1168,Jacksons,Pop music
1169,Rick Springfield,Rock music
1170,Quiet Riot,Rock music
1171,Irene Cara,Rock music
1172,K.C.,Jazz
1173,John Lennon,Rock music
1174,Christopher Cross,Rock music
1175,Police,Rock music
1176,Ratt,Rock music
1177,Go-Go’s,Rock music
1178,Christine McVie,Rock music
1179,Shalamar,Rock music
1180,Rolling Stones,Rock music
1181,Billy Squier,Rock music
1182,Men At Work,Rock music
1183,Bonnie Tyler,Rock music
1184,Michael Sembello,Rock music
1185,Eddie Rabbitt and Crystal Gayle,Country music
1186,Sergio Mendes,Rock music
1187,David Bowie,Rock music
1188,Golden Earring,Rock music
1189,Frida,Pop music
1190,Greg Kihn Band,Rock music
1191,Thomas Dolby,Rock music
1192,Joe Cocker and Jennifer Warnes,Rock music
1193,After The Fire,Electronic music
1194,Taco,Electronic music
1195,Marvin Gaye,Jazz
1196,Men Without Hats,Electronic music
1197,Toni Basil,Rock music
1198,Stray Cats,Rock music
1199,Naked Eyes,Electronic music
1200,Michael Jackson and Paul McCartney,Pop music
1201,Kajagoogoo,Electronic music
1202,Adam Ant,Electronic music
1203,Clash,Rock music
1204,Madness,Punk rock
1205,Tubes,Rock music
1206,Kinks,Rock music
1207,Little River Band,Rock music
1208,Air Supply,Rock music
1209,Loverboy,Rock music
1210,Sammy Hagar,Rock music
1211,Dionne Warwick,Jazz
1212,Joe Jackson,Rock music
1213,Quarterflash,Rock music
1214,Champaign,Gospel music
1215,Jackson Browne,Rock music
1216,Moving Pictures,Pop music
1217,Musical Youth,Reggae
1218,Spandau Ballet,Rock music
1219,Frank Stallone,Rock music
1220,Stephen Bishop,Rock music
1221,Asia,Rock music
1222,"Earth, Wind and Fire",Jazz
1223,J. Geils Band,Rock music
1224,John Cougar,Rock music
1225,Steve Miller Band,Rock music
1226,Soft Cell,Rock music
1227,Vangelis,World music
1228,Tommy Tutone,Rock music
1229,Bertie Higgins,Rock music
1230,Melissa Manchester,Rock music
1231,Juice Newton,Country music
1232,Willie Nelson,Country music
1233,Dazz Band,Rock music
1234,George Benson,Jazz
1235,Motels,Rock music
1236,Alan Parsons Project,Rock music
1237,Dan Fogelberg,Rock music
1238,Stevie Nicks and Don Henley,Rock music
1239,Paul Davis,Rock music
1240,Lindsey Buckingham,Rock music
1241,Roberta Flack,Jazz
1242,38 Special,Rock music
1243,"Crosby, Stills and Nash",Rock music
1244,Karla Bonoff,Rock music
1245,Quincy Jones,Jazz
1246,America,Rock music
1247,A Flock Of Seagulls,Electronic music
1248,Deneice Williams,Jazz
1249,Kenny Rogers,Country music
1250,Barbra Streisand,Pop music
1251,Neil Diamond,Rock music
1252,Michael McDonald,Jazz
1253,Ronnie Milsap,Country music
1254,Greg Guidry,Pop music
1255,Kim Carnes,Rock music
1256,Eddie Rabbitt,Country music
1257,Dolly Parton,Country music
1258,Joey Scarbury,Rock music
1259,Blondie,Rock music
1260,Ray Parker jr. and Raydio,Jazz
1261,Grover Washington jr.,Jazz
1262,Climax Blues Band,Rock music
1263,A Taste Of Honey,Rock music
1264,ABBA,Pop music
1265,Stars On 45,Alternative rock
1266,Oak Ridge Boys,Country music
1267,Gino Vannelli,Rock music
1268,Manhattan Transfer,Jazz
1269,Don Mclean,Rock music
1270,Marty Balin,Rock music
1271,Leo Sayer,Pop music
1272,Dottie West,Country music
1273,Gary U.S. Bonds,Fusion music
1274,Stevie Nicks With Tom Petty and The Heartbreakers,Rock music
1275,Delbert McClinton,Blues music
1276,Cliff Richard,Pop music
1277,Steely Dan,Rock music
1278,Stanley Clarke and George Duke,Rock music
1279,Pablo Cruise,Rock music
1280,ELO,Rock music
1281,John Schneider,
1282,Barry Manilow,Pop music
1283,Devo,Rock music
1284,Gary Wright,Rock music
1285,Rosanne Cash,Country music
1286,Boz Scaggs,Rock music
1287,Andy Gibb,Rock music
1288,Pink Floyd,Rock music
1289,Captain and Tennille,Rock music
1290,"Lipps, Inc.",Rock music
1291,Rupert Holmes,Rock music
1292,Gary Numan,Electronic music
1293,Spinners,Jazz
1294,Cristopher Cross,Rock music
1295,K.C. and The Sunshine Band,Jazz
1296,Manhattans,Blues music
1297,Teri De Sario With K.C.,Blues music
1298,Dr. Hook,Rock music
1299,Robbie Dupree,Rock music
1300,Ambrosia,Rock music
1301,S.O.S. Band,Blues music
1302,Barbra Streisand and Donna Summer,Pop music
1303,"Ray, Goodman and Brown",Gospel music
1304,Brothers Johnson,Blues music
1305,Eagles,Rock music
1306,Bob Seger and The Silver Bullet Band,Rock music
1307,J.D. Souther,Rock music
1308,Pete Townshend,Rock music
1309,Steve Forbert,Rock music
1310,Anne Murray,Pop music
1311,Isaac Hayes,Jazz
1312,Linda Ronstadt,Pop music
1313,Benny Mardones,Rock music
1314,Pure Prairie League,Rock music
1315,Dirt Band,Country music
1316,Neil Sedaka and Dara Sedaka,Gospel music
1317,Peaches and Herb,Jazz
1318,Mickey Gilley,Country music
1319,Supertramp,Rock music
1320,Charlie Daniels Band,Country music
1321,Knack,Rock music
1322,Chic,Jazz
1323,Gloria Gaynor,Rock music
1324,Village People,Pop music
1325,Anita Ward,Rock music
1326,Robert John,Rock music
1327,Bee Gees,Rock music
1328,Doobie Brothers,Rock music
1329,Amii Stewart,House music
1330,Maxine Nightingale,Rock music
1331,Randy Vanwarmer,Rock music
1332,Raydio,Rock music
1333,Leif Garrett,Jazz
1334,Donna Summer and Brooklyn Dreams,Pop music
1335,Nicolette Larson,Rock music
1336,Bonnie Pointer,House music
1337,Sister Sledge,Jazz
1338,Frank Mills,Pop music
1339,John Stewart,Rock music
1340,Wings,Rock music
1341,Bad Company,Rock music
1342,Hot Chocolate,Jazz
1343,Bobby Caldwell,Jazz
1344,Ace Frehley,Rock music
1345,Rickie Lee Jones,Pop music
1346,McFadden and Whitehead,Rock music
1347,Cheryl Lynn,Jazz
1348,Patrick Hernandez,Alternative rock
1349,Electric Light Orchestra,Rock music
1350,G.Q.,Rock music
1351,Al Stewart,Rock music
1352,Roger Voudouris,Rock music
1353,Rex Smith,Rock music
1354,Babys,Rock music
1355,Instant Funk,Jazz
1356,Nigel Olsson,Pop music
1357,Firefall,Rock music
1358,Debby Boone,Pop music
1359,Exile,
1360,Player,Rock music
1361,Frankie Valli,Pop music
1362,Samantha Sang,Rock music
1363,Yvonne Elliman,Rock music
1364,Chuck Mangione,Fusion music
1365,Nick Gilder,Rock music
1366,Sweet,Rock music
1367,Gerry Rafferty,Rock music
1368,Kansas,Rock music
1369,Walter Egan,Rock music
1370,Randy Newman,Rock music
1371,O’Jays,Jazz
1372,John Paul Young,House music
1373,David Gates,Rock music
1374,Paul Simon,Rock music
1375,Heatwave,Jazz
1376,Jay Ferguson,Rock music
1377,Atlanta Rhythm Section,Rock music
1378,Toby Beau,Rock music
1379,Trammps,Jazz
1380,L.T.D.,Jazz
1381,Carly Simon,Pop music
1382,Evelyn “Champagne” King,Rock music
1383,Jefferson Starship,Rock music
1384,Shaun Cassidy,Rock music
1385,Lynyrd Skynyrd,Rock music
1386,Crystal Gayle,Country music
1387,Patti Smith,Rock music
1388,Rick James,Blues music
1389,Bob Welch,Rock music
1390,Santa Esmeralda,Alternative rock
1391,Michael Johnson,Rock music
1392,Foxy,House music
1393,Joe Walsh,Rock music
1394,Odyssey,Rock music
1395,Parliament,Jazz
1396,Eruption,Alternative rock
1397,Rita Coolidge,Pop music
1398,Emotions,Jazz
1399,Kenny Nolan,Rock music
1400,Thelma Houston,Rock music
1401,Mary MacGregor,Rock music
1402,Jimmy Buffett,Rock music
1403,Bill Conti,
1404,Glen Campbell,Pop music
1405,Sylvers,Rock music
1406,Rose Royce,Jazz
1407,David Soul,Rock music
1408,Jennifer Warnes,Pop music
1409,Manfred Mann’s. Earth Band,Rock music
1410,Brick,Jazz
1411,Peter Frampton,Rock music
1412,10cc,Rock music
1413,James Taylor,Rock music
1414,Johnny Rivers,Rock music
1415,Andrew Gold,Rock music
1416,Marshall Tucker Band,Rock music
1417,Engelbert Humperdinck,Pop music
1418,Burton Cummings,Rock music
1419,Elvis Presley,Rock music
1420,Bread,Rock music
1421,Meco,Pop music
1422,Floaters,Rock music
1423,Bay City Rollers,Pop music
1424,Joe Tex,Gospel music
1425,Dr. Buzzard’s Original Savannah Band,Jazz
1426,B.J. Thomas,Pop music
1427,London Symphony Orchestra,
1428,Elton John and Kiki Dee,Rock music
1429,Johnnie Taylor,Blues music
1430,Wild Cherry,Jazz
1431,Walter Murphy and The Big Apple Band,House music
1432,Starland Vocal Band,Rock music
1433,Silver Convention,House music
1434,Seals and Crofts,Rock music
1435,Andrea True Connection,Jazz
1436,Dorothy Moore,Blues music
1437,Nazareth,Rock music
1438,Rhythm Heritage,Rock music
1439,Ohio Players,Blues music
1440,Lou Rawls,Jazz
1441,Starbuck,Rock music
1442,Bellamy Brothers,Country music
1443,Vicki Sue Robinson,House music
1444,Eric Carmen,Rock music
1445,Donny and Marie Osmond,Pop music
1446,Rufus,
1447,Henry Gross,Rock music
1448,Paul Anka,Pop music
1449,Elvin Bishop,Rock music
1450,C.W. McCall,Country music
1451,John Sebastian,Rock music
1452,Tavares,Jazz
1453,Staple Singers,Jazz
1454,Wing and A Prayer Fife and Drum Corps,Jazz
1455,Silver,Rock music
1456,War,Blues music
1457,John Travolta,Pop music
1458,Beatles,Rock music
1459,Orleans,Rock music
1460,Foghat,Rock music
1461,David Ruffin,Blues music
1462,Candi Staton,Jazz
1463,Neil Sedaka,Pop music
1464,Larry Groce,
1465,Thin Lizzy,Rock music
1466,Who,Rock music
1467,Freddy Fender,Country music
1468,John Denver,Pop music
1469,Minnie Riperton,Jazz
1470,Carl Douglas,House music
1471,Tony Orlando and Dawn,Rock music
1472,Janis Ian,Pop music
1473,Average White Band,Jazz
1474,Van McCoy and The Soul City Symphony,Hip hop
1475,Labelle,Jazz
1476,Major Harris,Gospel music
1477,Ozark Mountain Daredevil,Rock music
1478,Pilot,Rock music
1479,Carpenters,Pop music
1480,Harry Chapin,Rock music
1481,Jessi Colter,Country music
1482,Billy Swan,Pop music
1483,"Hamilton, Joe Frank and Reynolds",Rock music
1484,Morris Albert,Rock music
1485,Sammy Johns,Rock music
1486,Barry White,Jazz
1487,Bazuka,Rock music
1488,Gladys Knight and The Pips,Jazz
1489,Sugarloaf,Rock music
1490,Phoebe Snow,Rock music
1491,B.T. Express,Jazz
1492,Carol Douglas,House music
1493,Joe Cocker,Rock music
1494,Paul Anka and Odia Coates,Pop music
1495,Three Degrees,Jazz
1496,Joe Simon,Blues music
1497,Eddie Kendricks,Jazz
1498,Al Green,Jazz
1499,Ringo Starr,Rock music
1500,Jethro Tull,Rock music
1501,Ray Stevens,Country music
1502,Dwight Twilley Band,Alternative rock
1503,Amazing Rhythm Aces,Rock music
1504,Bachman-Turner Overdrive,Rock music
1505,Terry Jacks,Rock music
1506,Love Unlimited Orchestra,Jazz
1507,Redbone,Rock music
1508,Jackson 5,Rock music
1509,MFSB,Jazz
1510,Mac Davis,Country music
1511,Maria Muldaur,Pop music
1512,Stylistics,Jazz
1513,Al Wilson,Jazz
1514,Jim Stafford,Rock music
1515,David Essex,Rock music
1516,Blue Magic,Jazz
1517,Paul McCartney and Wings,Rock music
1518,Charlie Rich,Country music
1519,Jim Croce,Rock music
1520,Gordon Lightfoot,Rock music
1521,Andy Kim,Pop music
1522,Main Ingredient,Blues music
1523,Billy Preston,Blues music
1524,George McCrae,Blues music
1525,Three Dog Night,Rock music
1526,Hues Corporation,House music
1527,Brownsville Station,Rock music
1528,Paper Lace,Pop music
1529,Dionne Warwick and The Spinners,Jazz
1530,Marvin Hamlisch,Blues music
1531,Hollies,Rock music
1532,Joni Mitchell,Rock music
1533,Righteous Brothers,Pop music
1534,Johnny Bristol,Gospel music
1535,Mocedades,Latin music
1536,Dave Loggins,Rock music
1537,Wet Willie,Rock music
1538,Bobby Womack,Jazz
1539,Cat Stevens,Rock music
1540,Mike Oldfield,Rock music
1541,Todd Rundgren,Rock music
1542,Tom T. Hall,Country music
1543,Guess Who,Rock music
1544,Lamont Dozier,Jazz
1545,Diana Ross and Marvin Gaye,Jazz
1546,First Class,Pop music
1547,Kris Kristofferson,Country music
1548,Vicki Lawrence,Pop music
1549,Stories,Rock music
1550,Billy Paul,Jazz
1551,Edgar Winter Group,Rock music
1552,Dobie Gray,Rock music
1553,Isley Bros.,Jazz
1554,Sylvia,Country music
1555,Grand Funk Railroad,Rock music
1556,Dr. John,Blues music
1557,Skylark,Heavy metal
1558,Maureen McGovern,Rock music
1559,Stealers Wheel,Rock music
1560,King Harvest,Rock music
1561,Bobby “Boris” Pickett and The Crypt Kickers,
1562,Bloodstone,Blues music
1563,Sly and The Family Stone,Blues music
1564,Deep Purple,Rock music
1565,Dr. Hook and The Medicine Show,Rock music
1566,Loggins and Messina,Rock music
1567,Hurricane Smith,Pop music
1568,Four Tops,Jazz
1569,Eric Weissberg and Steve Mandel,Country music
1570,B.W. Stevenson,Rock music
1571,Curtis Mayfield,Jazz
1572,Gilbert O’Sullivan,Pop music
1573,Focus,Rock music
1574,Timmy Thomas,Jazz
1575,Tower Of Power,Jazz
1576,Allman Brothers,Rock music
1577,Temptations,Jazz
1578,Donna Fargo,Country music
1579,Blue Ridge Rangers,Country music
1580,Lobo,Pop music
1581,Deodato,Jazz
1582,Johnny Nash,Pop music
1583,Albert Hammond,Pop music
1584,Don McLean,Rock music
1585,Nilsson,Rock music
1586,Sammy Davis Jr.,Jazz
1587,Bill Withers,Jazz
1588,Melanie,Rock music
1589,Wayne Newton,Pop music
1590,Looking Glass,Rock music
1591,Chi-Lites,Jazz
1592,Gallery,Rock music
1593,Chuck Berry,Rock music
1594,Luther Ingram,Blues music
1595,Mouth and MacNeal,Rock music
1596,5th Dimension,Pop music
1597,Raspberries,Rock music
1598,Cornelius Brothers and Sister Rose,Rock music
1599,Osmonds,Pop music
1600,Jonathan Edwards,Rock music
1601,Mel and Tim,Blues music
1602,Badfinger,Rock music
1603,Daniel Boone,Pop music
1604,Arlo Guthrie,Rock music
1605,Betty Wright,Jazz
1606,Argent,Rock music
1607,Chakachas,Rock music
1608,Dramatics,Jazz
1609,T. Rex,Rock music
1610,Roberta Flack and Donny Hathaway,Jazz
1611,Derek and The Dominos,Rock music
1612,Commander Cody and His Lost Planet Airmen,Country music
1613,Sonny and Cher,Pop music
1614,Apollo 100,Pop music
1615,Charlie Pride,Country music
1616,Jimmy Castor Bunch,Jazz
1617,Jerry Butler and Brenda Lee Eager,Jazz
1618,Beverly Bremers,Pop music
1619,Bobby Vinton,Pop music
1620,Sailcat,Pop music
1621,New Seekers,Pop music
1622,Detroit Emeralds,Jazz
1623,Love Unlimited,Jazz
1624,Carole King,Pop music
1625,Raiders,Rock music
1626,Dawn,Pop music
1627,Janis Joplin,Rock music
1628,Honey Cone,Blues music
1629,Undisputed Truth,Jazz
1630,Jean Knight,Jazz
1631,Lee Michaels,Rock music
1632,Joan Baez,Pop music
1633,Paul and Linda McCartney,Rock music
1634,Five Man Electrical Band,Rock music
1635,Tom Jones,Rock music
1636,Murray Head and The Trinidad Singers,Pop music
1637,Jerry Reed,Country music
1638,Grass Roots,Rock music
1639,Daddy Dewdrop,Pop music
1640,Sammi Smith,Country music
1641,Lynn Anderson,Country music
1642,Nitty Gritty Dirt Band,Country music
1643,Partridge Family,Pop music
1644,Tommy James,Rock music
1645,Ike and Tina Turner,Blues music
1646,Stampeders,Rock music
1647,Brewer and Shipley,Rock music
1648,Freda Payne,Jazz
1649,Rare Earth,Rock music
1650,Freddy Hart,Country music
1651,Mac and Katie Kissoon,Rock music
1652,Andy Williams,Pop music
1653,Beginning Of The End,Jazz
1654,King Floyd,Blues music
1655,Bobby Goldsboro,Pop music
1656,Matthews’ Southern Comfort,Pop music
1657,Judy Collins,Pop music
1658,Dave Edmunds,Rock music
1659,Fortunes,Jazz
1660,Denise Lasalle,Blues music
1661,Buoys,Rock music
1662,Paul Stookey,Pop music
1663,Wilson Pickett,Blues music
1664,Doors,Rock music
1665,Richie Havens,Rock music
1666,Fifth Dimension,Pop music
1667,Perry Como,Pop music
1668,Simon and Garfunkel,Rock music
1669,Edwin Starr,Jazz
1670,Vanity Fair,Pop music
1671,Eric Burdon and War,Rock music
1672,Norman Greenbaum,Rock music
1673,Moments,Blues music
1674,Poppy Family,Rock music
1675,Free,Rock music
1676,Bobby Sherman,Pop music
1677,Blues Image,Rock music
1678,Shocking Blue,Rock music
1679,John Ono Lennon,Rock music
1680,Clarence Carter,Jazz
1681,Creedence Clearwater Revival,Rock music
1682,Brook Benton,Jazz
1683,Chairmen Of The Board,Jazz
1684,Edison Lighthouse,Pop music
1685,Marmalade,Rock music
1686,Eddie Holman,Blues music
1687,Jaggerz,Pop music
1688,Tyrone Davis,Blues music
1689,Mungo Jerry,Rock music
1690,R. Dean Taylor,Jazz
1691,Charles Wright and The Watts 103rd Street Rhythm Band,Jazz
1692,White Plains,Pop music
1693,Friends Of Distinction,Rock music
1694,Brotherhood Of Man,Pop music
1695,Mark Lindsay,Pop music
1696,Gene Chandler,Blues music
1697,Delfonics,Jazz
1698,Ronnie Dyson,Blues music
1699,Mountain,Rock music
1700,Tee Set,Rock music
1701,Originals,Gospel music
1702,Christie,Pop music
1703,Ides Of March,Rock music
1704,Pipkins,Pop music
1705,Supremes,Jazz
1706,Sandpipers,Jazz
1707,Pacific Gas and Electric,Blues music
1708,"Crosby, Stills, Nash and Young",Rock music
1709,Joe South,Pop music
1710,B.B. King,Rock music
1711,Archies,Pop music
1712,Tommy Roe,Pop music
1713,Foundations,Pop music
1714,Tommy James and The Shondells,Rock music
1715,Cowsills,Pop music
1716,Henry Mancini and His Orch.,Pop music
1717,Youngbloods,Rock music
1718,Jr. Walker and The All Stars,Blues music
1719,Zager and Evans,Pop music
1720,"Blood, Sweat and Tears",Rock music
1721,Lettermen,Pop music
1722,Johnny Cash,Rock music
1723,Smokey Robinson and The Miracles,Jazz
1724,Jerry Butler,Jazz
1725,Zombies,Rock music
1726,Jackie DeShannon,Pop music
1727,Spiral Starecase,Pop music
1728,Bob Dylan,Rock music
1729,Donovan,Rock music
1730,Mama Cass Elliot,Pop music
1731,Jay and The Americans,Pop music
1732,Ventures,Rock music
1733,Lou Christie,Pop music
1734,Booker T and The MG’s,Jazz
1735,Winstons,Blues music
1736,1910 Fruitgum Company,Rock music
1737,Brooklyn Bridge,Pop music
1738,Tony Joe White,Blues music
1739,Kenny Rogers and The First Edition,Rock music
1740,Turtles,Rock music
1741,Dells,Jazz
1742,Gary Puckett and The Union Gap,Pop music
1743,Crazy Elephant,Rock music
1744,Paul Revere and The Raiders,Rock music
1745,Box Tops,Rock music
1746,Paul Mauriat,Pop music
1747,Otis Redding,Jazz
1748,Cream,Rock music
1749,Herb Alpert,Pop music
1750,Hugo Montenegro,Rock music
1751,Archie Bell and The Drells,Jazz
1752,Jeannie C. Riley,Country music
1753,O.C. Smith,Blues music
1754,Hugh Masekela,Jazz
1755,Cliff Nobles and Co.,Rock music
1756,Vogues,Pop music
1757,John Fred and His Playboy Band,Pop music
1758,Classics IV,Pop music
1759,Merrilee Rush,Pop music
1760,Georgie Fame,Jazz
1761,Mary Hopkin,Pop music
1762,Steppenwolf,Rock music
1763,Intruders,Blues music
1764,Ohio Express,Rock music
1765,Crazy World Of Arthur Brown,Rock music
1766,Troggs,Rock music
1767,Mason Williams,Rock music
1768,O’Kaysions,Rock music
1769,Lemon Pipers,Rock music
1770,Friend and Lover,Pop music
1771,Richard Harris,Pop music
1772,Jose Feliciano,Rock music
1773,People,Pop music
1774,Percy Sledge,Jazz
1775,Status Quo,Rock music
1776,Blue Cheer,Rock music
1777,Marvin Gaye and Tammi Terrell,Jazz
1778,Fireballs,Rock music
1779,Willie Mitchell,Blues music
1780,Human Beinz,Rock music
1781,Sam and Dave,Jazz
1782,Eric Burdon and The Animals,Jazz
1783,Irish Rovers,Fusion music
1784,Vanilla Fudge,Rock music
1785,Sweet Inspirations,Jazz
1786,Mills Brothers,Jazz
1787,Chambers Brothers,Rock music
1788,Manfred Mann,Rock music
1789,Shorty Long,
1790,Gary Lewis and The Playboys,Pop music
1791,Big Brother and The Holding Company,Rock music
1792,American Breed,Pop music
1793,Lulu,Pop music
1794,Bobby Gentry,Jazz
1795,Association,Rock music
1796,Monkees,Rock music
1797,Young Rascals,Rock music
1798,Bobby Vee and The Strangers,Pop music
1799,Buckinghams,Rock music
1800,Arthur Conley,Jazz
1801,Jay and The Techniques,Rock music
1802,Every Mothers’ Son,Pop music
1803,Strawberry Alarm Clock,Rock music
1804,Brenton Wood,Blues music
1805,Buffalo Springfield,Rock music
1806,Jefferson Airplane,Rock music
1807,Esquires,Rock music
1808,Van Morrison,Rock music
1809,Martha and The Vandella,Jazz
1810,Happenings,Pop music
1811,Procol Harum,Rock music
1812,Casinos,
1813,Tremeloes,Pop music
1814,Ed Ames,Pop music
1815,Scott Mckenzie,Pop music
1816,Herman’s Hermits,Pop music
1817,Petula Clark,Pop music
1818,Jackie Wilson,Jazz
1819,Seekers,Pop music
1820,Five Americans,Rock music
1821,Lesley Gore,Pop music
1822,Blue Magoos,Rock music
1823,Easy Beats,Rock music
1824,Bar-Kays,Jazz
1825,Spencer Davis Group,Rock music
1826,Hombres,Rock music
1827,Keith,Rock music
1828,Ray Charles,Jazz
1829,Royal Guardsmen,Pop music
1830,Sandy Posey,Pop music
1831,Robert Knight,Rock music
1832,"Peter, Paul and Mary",Pop music
1833,Bill Cosby,Hip hop
1834,Electric Prunes,Rock music
1835,? and The Mysterians,Rock music
1836,Mama’s and The Papa’s,Hip hop
1837,Lovin’ Spoonful,Rock music
1838,Roger Williams,Rock music
1839,Nancy Sinatra,Pop music
1840,Jimmy Ruffin,Blues music
1841,Frank Sinatra,Jazz
1842,New Vaudeville Band,Jazz
1843,Bobby Hebb,Jazz
1844,Sam The Sham and The Pharaohs,Rock music
1845,Mindbenders,
1846,Dusty Springfield,Jazz
1847,The Capitols,Jazz
1848,Cyrkle,Rock music
1849,Carla Thomas,Jazz
1850,Left Banke,Rock music
1851,James and Bobby Purify,Blues music
1852,B.J. Thomas and The Triumphs,Country music
1853,Standells,Rock music
1854,Bob Lind,Pop music
1855,Peter and Gordon,Jazz
1856,The Surfaris,Rock music
1857,Count Five,Rock music
1858,Deon Jackson,Jazz
1859,Crispian St. Peters,Jazz
1860,Brenda Lee,Pop music
1861,Ray Conniff and The Singers,Pop music
1862,David Houston,Country music
1863,Bobby Darin,Jazz
1864,Marvelettes,Jazz
1865,Lee Dorsey,Blues music
1866,Shadows Of Knight,Rock music
1867,Los Bravos,Rock music
1868,Slim Harpo,Blues music
1869,Chris Montez,Pop music
1870,Bobby Fuller Four,Rock music
1871,Herb Alpert and The Tijuana Brass,Pop music
1872,Yardbirds,Rock music
1873,We Five,Rock music
1874,Roger Miller,Country music
1875,Jewel Aikens,Rock music
1876,Mel Carter,Pop music
1877,Ramsey Lewis Trio,Jazz
1878,Byrds,Rock music
1879,Sounds Orchestral,Rock music
1880,Barbara Mason,Blues music
1881,Barry McGuire,Pop music
1882,McCoys,Rock music
1883,Bert Kaempfert and His Orch.,Pop music
1884,Wayne Fontana and The Mindbenders,Pop music
1885,Shirley Ellis,Jazz
1886,Barbara Lewis,Jazz
1887,Kingsmen,Rock music
1888,Patti Page,Pop music
1889,Freddie and The Dreamers,Pop music
1890,Gerry and The Pacemakers,Pop music
1891,Horst Jankowski,Rock music
1892,Shirley Bassey,Jazz
1893,Billy Joe Royal,Pop music
1894,Glenn Yarbrough,Pop music
1895,Beau Brummels,Rock music
1896,Ian Whitcomb,Jazz
1897,Sir Douglas Quintet,Rock music
1898,Sam Cooke,Jazz
1899,Martha and The Vandellas,Jazz
1900,Searchers,Rock music
1901,Dickle Lee,Country music
1902,Vic Dana,Pop music
1903,Patty Duke,Pop music
1904,Miracles,Jazz
1905,Animals,Rock music
1906,Little Anthony and The Imperials,Pop music
1907,Strangeloves,Rock music
1908,Sonny,Pop music
1909,Roy Head,Jazz
1910,Jack Jones,Pop music
1911,"Dino, Desi and Billy",Pop music
1912,Ad Libs,Jazz
1913,Del Shannon,Pop music
1914,Louis Armstrong,Jazz
1915,Roy Orbison,Pop music
1916,Dean Martin,Pop music
1917,Mary Wells,Jazz
1918,Gale Garnett,Pop music
1919,J. Frank Wilson and The Cavaliers,Pop music
1920,Al Hirt,Jazz
1921,Ray Charles Singers,Pop music
1922,Drifters,Jazz
1923,Dixie Cups,Pop music
1924,Terry Stafford,Pop music
1925,Newbeats,Pop music
1926,Gene Pitney,Pop music
1927,Jan and Dean,Rock music
1928,Honeycombs,Jazz
1929,Serendipity Singers,Pop music
1930,Ronny and The Daytona,Rock music
1931,Danny Williams,Pop music
1932,Rip Chords,Rock music
1933,Betty Everett,Jazz
1934,Millie Small,Rock music
1935,Major Lance,Blues music
1936,Chad and Jeremy,Pop music
1937,Stan Getz and Astrud Gilberto,Jazz
1938,Shangri-Las,Pop music
1939,Bobby Freeman,Fusion music
1940,Impressions,Jazz
1941,Diane Renay,Rock music
1942,Bachelors,Jazz
1943,Marketts,Rock music
1944,Hondells,Pop music
1945,Reflections,Heavy metal
1946,Rick Nelson,Pop music
1947,New Christy Minstrels,Pop music
1948,Joe Hinton,Gospel music
1949,Al Martino,Pop music
1950,Trashmen,Rock music
1951,Tams,Jazz
1952,Jelly Beans,Rock music
1953,Nancy Wilson,Jazz
1954,Tommy Tucker,Jazz
1955,The Ventures,Rock music
1956,"Robert Maxwell, His Harp and Orch.",Alternative rock
1957,Jimmy Hughes,Blues music
1958,The Kingsmen,Rock music
1959,Skeeter Davis,Country music
1960,Cascades,Pop music
1961,Chiffons,Pop music
1962,Paul and Paula,Pop music
1963,Little Stevie Wonder,Jazz
1964,Kyu Sakamoto,
1965,Tymes,Pop music
1966,Dale and Grace,Pop music
1967,Nino Tempo and April Stevens,Pop music
1968,Little Peggy March,Pop music
1969,Chantays,Rock music
1970,Eydie Gorme,Pop music
1971,Dovells,
1972,Randy and The Rainbows,
1973,Rooftop Singers,Pop music
1974,Jimmy Soul,Pop music
1975,Trini Lopez,Pop music
1976,Dion,Pop music
1977,Ronettes,Pop music
1978,Orlons,Pop music
1979,Henry Mancini,Pop music
1980,Bill Anderson,Country music
1981,Garnet Mimms and The Enchanters,Blues music
1982,Crystals,Pop music
1983,Shirelles,Jazz
1984,Lonnie Mack,Blues music
1985,Kal Winding,Country music
1986,Bill Pursell,Pop music
1987,Tony Bennett,Jazz
1988,Jaynetts,Rock music
1989,Nat King Cole,Jazz
1990,Rufus Thomas,Jazz
1991,Ned Miller,Country music
1992,Johnny Mathis,Pop music
1993,Jan Bradley,Blues music
1994,Bobby Vee,Pop music
1995,The Cookies,Pop music
1996,Doris Troy,Blues music
1997,Allan Sherman,
1998,Dixiebelles With Cornbread and Jerry,
1999,Steve Lawrence,Pop music
2000,Dee Dee Sharp,Rock music
2001,Bobby Bare,Country music
2002,Mr. Acker Bilk,Pop music
2003,David Rose,Pop music
2004,Shelley Fabares,Pop music
2005,Little Eva,Pop music
2006,Sensations,Rock music
2007,Chubby Checker,Pop music
2008,Bruce Channel,Pop music
2009,Freddy Cannon,Pop music
2010,Claude King,Country music
2011,Johnny Tillotson,Pop music
2012,Kenny Ball,Jazz
2013,Brian Hyland,Pop music
2014,Connie Francis,Pop music
2015,Sue Thompson,Pop music
2016,Ketty Lester,Jazz
2017,Claudine Clark,Pop music
2018,Highwaymen,Country music
2019,Bent Fabric,Jazz
2020,The Isley Brothers,Jazz
2021,Richard Chamberlain,Pop music
2022,Ace Cannon,Fusion music
2023,Clyde Mcphatter,Blues music
2024,Barbara George,Blues music
2025,Pat Boone,Pop music
2026,Burl Ives,Pop music
2027,Everly Brothers,Pop music
2028,Emillo Pericoli,Pop music
2029,Ernie Maresca,Fusion music
2030,Don and Juan,
2031,Joanie Sommers,Pop music
2032,Dave “Baby” Cortez,Fusion music
2033,Duprees,Pop music
2034,Joe Henderson,Jazz
2035,Johnny Crawford,Pop music
2036,Barbara Lynn,Blues music
2037,Jimmy Clanton,Pop music
2038,Patsy Cline,Pop music
2039,Larry Finnegan,Pop music
2040,James Darren,Pop music
2041,Walter Brennan,Country music
2042,Billy Vaughn,Pop music
2043,Jimmy Dean,Country music
2044,Jimmy Smith,Jazz
2045,King Curtis,Jazz
2046,Bobby Rydell,Pop music
2047,Ikettes,Blues music
2048,Kingston Trio,Pop music
2049,Eddie Hodges,
2050,Bobby Lewis,
2051,Dee Clark,Jazz
2052,Joe Dowell,
2053,Lawrence Welk,Alternative rock
2054,The Shirelles,Jazz
2055,Mar-keys,Blues music
2056,Ferrante and Teicher,Rock music
2057,Ernie K-Doe,Blues music
2058,Ricky Nelson,Pop music
2059,Marty Robbins,Country music
2060,Floyd Cramer,Country music
2061,Gary,Fusion music
2062,Barry Mann,Pop music
2063,Chris Kenner,Blues music
2064,Ferlin Husky,Country music
2065,Marcels,Pop music
2066,Troy Shondell,Pop music
2067,Clarence “Frog Man” Henry,Blues music
2068,Kokomo,Rock music
2069,Faron Young,Country music
2070,Arthur Lyman,Rock music
2071,Timi Yuro,Pop music
2072,Capris,
2073,Paris Sisters,Pop music
2074,Bob Moore,Fusion music
2075,Ral Donner,Pop music
2076,Adam Wade,Pop music
2077,Echoes,Pop music
2078,Buzz Clifford,Pop music
2079,Caesar and The Romans,
2080,Tony Orlando,Pop music
2081,Linda Scott,Fusion music
2082,Rosie and The Originals,Pop music
2083,Curtis Lee,Fusion music
2084,Fats Domino,Blues music
2085,Ray Peterson,Pop music
2086,Dave Brubeck,Jazz
2087,Don Gibson,Country music
2088,Four Preps,Pop music
2089,Percy Faith,Pop music
2090,Jim Reeves,Country music
2091,Johnny Preston,Pop music
2092,Mark Dinning,Pop music
2093,Jimmy Jones,Fusion music
2094,Brothers Four,Pop music
2095,Jack Scott,Fusion music
2096,Hollywood Argyles,
2097,Dion and The Belmonts,Pop music
2098,Connie Stevens,Pop music
2099,Frankie Avalon,Pop music
2100,Brook Benton and Dinah Washington,Blues music
2101,Johnny Horton,Country music
2102,Toni Fisher,Pop music
2103,Duane Eddy,Pop music
2104,Conway Twitty,Country music
2105,Freddie Cannon,Rock music
2106,Anita Bryant,Country music
2107,Fendermen,Fusion music
2108,Marv Johnson,Jazz
2109,Hank Locklin,Country music
2110,Ron Holden,
2111,Hank Ballard and The Midnighters,Blues music
2112,Platters,Pop music
2113,Billy Bland,Pop music
2114,Jimmy Charles,Pop music
2115,The Browns,Country music
2116,Bill Black’s Combo,Pop music
2117,Safaris and The Phantom’s Band,Pop music
2118,Donnie Brooks,Pop music
2119,Dinah Washington and Brook Benton,Jazz
2120,Spencer Ross,Rock music
2121,Lloyd Price,Blues music
2122,Crests,
2123,Paul Evans,Pop music
2124,Johnny Burnette,Fusion music
2125,Annette,Pop music
2126,Joe Jones,
2127,Johnny and The Hurricanes,Rock music
2128,Bob Luman,Fusion music
2129,Guy Mitchell,Pop music
2130,Maurice Williams,Rock music
2131,Larry Hall,Pop music
2132,Domenico Modugno,Pop music
2133,David Seville,Fusion music
2134,Perez Prado,Jazz
2135,Champs,Pop music
2136,Tommy Edwards,Pop music
2137,Sheb Wooley,Country music
2138,Silhouettes,Fusion music
2139,Elegants,
2140,Laurie London,Pop music
2141,Jimmie Rodgers,Pop music
2142,Danny and The Juniors,Pop music
2143,Coasters,Jazz
2144,McGuire Sisters,Pop music
2145,Bobby Day,Pop music
2146,Cozy Cole,Pop music
2147,Monotones,Fusion music
2148,Jerry Lee Lewis,Pop music
2149,Chordettes,Pop music
2150,Kalin Twins,Pop music
2151,Crescendos,
2152,Diamonds,Pop music
2153,Buddy Holly,Rock music
2154,The Big Bopper,Fusion music
2155,Robin Luke,Pop music
2156,Earl Grant,Pop music
2157,Playmates,Pop music
2158,Will Glahe,Blues music
2159,Poni Tails,Pop music
2160,Johnny Otis Show,Blues music
2161,Crickets,Fusion music
2162,Chuck Willis,Blues music
2163,Eddie Cochran,Pop music
2164,Peggy Lee,Jazz
2165,Art and Dotty Todd,Pop music
2166,Lou Monte,Pop music
2167,Jimmy McCracklin,Blues music
2168,George Hamilton Iv,Country music
2169,Chantels,Pop music
2170,Kathy Linden,Pop music
2171,Olympics,Blues music
2172,Roy Hamilton,Jazz
2173,Hollywood Flames,Blues music
2174,Jan and Arnie,Pop music
2175,Marty Robins,Pop music
2176,Tab Hunter,Pop music
2177,Jimmy Dorsey,Jazz
2178,Sonny James,Country music
2179,Buddy Knox,Fusion music
2180,Harry Belafonte,Pop music
2181,Dell-vikings,Pop music
2182,Gale Storm,Pop music
2183,Charlie Gracie,Fusion music
2184,Frankie Laine,Pop music
2185,Tommy Sands,Pop music
2186,Rays,
2187,Terry Gilkyson,
2188,Russ Hamilton,Pop music
2189,Larry Williams,Rock music
2190,Jim Lowe,Pop music
2191,Billy Williams,Pop music
2192,Bobbettes,Pop music
2193,Dell-Vikings,Pop music
2194,Jane Morgan and the Troubadours,Rock music
2195,Bobby Helms,Pop music
2196,Billy Ward and His Dominoes,Alternative rock
2197,Bill Justis,Fusion music
2198,Betty Johnson,Pop music
2199,Tune Weavers,
2200,Ivory Joe Hunter,Jazz
2201,Mantovani,Pop music
2202,Johnnie and Joe,
2203,Hilltoppers,Pop music
2204,Don Rondo,Rock music
2205,Four Lads,Pop music
2206,Ames Brothers,Pop music
2207,Thurston Harris,Blues music
2208,Victor Young,Latin music
2209,Bonnie Guitar,Country music
2210,Mickey & Sylvia,Fusion music
2211,Little Richard,Jazz
2212,Sal Mineo,Pop music
2213,Gene Vincent,Fusion music
2214,Ernie Freeman,World music
2215,Margie Rayburn,Gospel music
2216,Patience and Prudence,Pop music
2217,Lavern Baker,Blues music
2218,Marvin Rainwater,Country music
2219,Four Coins,Pop music
2220,Rusty Draper,Country music
2221,Jimmy Bowen,Rock music
2222,Joe Bennett and the Sparkletones,Fusion music
2223,Nelson Riddle,Rock music
2224,Les Baxter,Rock music
2225,Doris Day,Pop music
2226,Kay Starr,Jazz
2227,Morris Stoloff,Country music
2228,Eddie Heywood and Hugo Winterhalter,Jazz
2229,Carl Perkins,Rock music
2230,Bill Doggett,Jazz
2231,Tennessee Ernie Ford,Country music
2232,Johnnie Ray,Pop music
2233,Frankie Lymon and The Teenagers,Pop music
2234,Buchanan and Goodman,Punk rock
2235,George Cates,Country music
2236,Cathy Carr,Pop music
2237,Bill Haley and His Comets,Pop music
2238,Vic Damone,Pop music
2239,Don Cherry,Jazz
2240,Sanford Clark,Fusion music
2241,Teresa Brewer,Pop music
2242,Nervous Norvus,Hip hop
2243,Lonnie Donegan,Fusion music
2244,Dream Weavers,Alternative rock
2245,Eddy Heywood,Jazz
2246,Eddie Fisher,Pop music
2247,Jerry Vale,Pop music
2248,Dick Hyman,Pop music
2249,Vince Martin and the Tarriers,Pop music
2250,Crew Cuts,Pop music
2251,Al Hibbler,Pop music
2252,Kit Carson,Pop music
2253,Tony Martin,Jazz
2254,Jo Stafford,Jazz
2255,Fontane Sisters,Pop music
2256,Jane Powell,Pop music
2257,Richard Hayman and Jan August,Jazz
2258,Cadillacs,Fusion music
2259,Clyde McPhatter,Blues music
2260,Eileen Rodgers,Rock music
2261,Richard Maltby,Jazz
2262,Blue Stars,Fusion music
2263,Mitch Miller,Pop music
2264,Bill Hayes,Country music
2265,Four Aces,Pop music
2266,Georgia Gibbs,Pop music
2267,Joan Weber,Pop music
2268,Fess Parker,Country music
2269,Art Mooney,Jazz
2270,Gisele Mackenzie,Pop music
2271,Somethin’ Smith and The Redheads,Country music
2272,Kitty Kallen,Jazz
2273,Rosemary Clooney,Jazz
2274,Four Knights,Pop music
2275,Archie Bleyer,Pop music
2276,Gaylords,Pop music
2277,Frank Weir,Pop music
2278,Don Cornell,Pop music
2279,Les Paul and Mary Ford,Pop music
2280,Pee Wee Hunt,Jazz
2281,Frank Chacksfield,Rock music
2282,Richard Hayman,Rock music
2283,Stan Freberg,
2284,Julius La Rosa,Pop music
2285,Ray Anthony,Jazz
2286,Frankie Laine and Jimmy Boyd,Pop music
2287,June Valli,Pop music
2288,Joni James,Pop music
2289,Eartha Kitt,Jazz
2290,Leroy Anderson,Pop music
2291,Vera Lynn,Pop music
2292,Eddie Fisher and Hugo Winterhalter,Rock music
2293,Ella Mae Morse,Country music
2294,Johnny Standley,Hip hop
2295,Les Paul,Pop music
2296,Weavers,Pop music
2297,Mario Lanza,Jazz
2298,Guy Mitchell and Mitch Miller,Pop music
2299,Eddy Howard,Jazz
2300,Vaughn Monroe,Pop music
2301,Dinah Shore,Jazz
2302,Debbie Reynolds and Carlton Carpenter,Rock music
2303,Del Wood,
2304,Billy Eckstine,Jazz
2305,Ames Brothers and Les Brown,Jazz
2306,Anton Karas,Blues music
2307,Gary and Bing Crosby,Country music
2308,Guy Lombardo,Jazz
2309,Red Foley,Country music
2310,Sammy Kaye and Don Cornell,Hip hop
2311,Eileen Barton,Rock music
2312,Gordon Jenkins and The Weavers,Pop music
2313,Andrews Sisters and Gordon Jenkins,Pop music
2314,Gordon Jenkins,Jazz
2315,Bing Crosby,Pop music
2316,The Andrews Sisters and Gordon Jenkins,Rock music
2317,Russ Morgan,Jazz
2318,Al Morgan,House music
2319,The Blue Barron,Jazz
2320,Sammy Kaye,Jazz
2321,Evelyn Knight,Pop music
2322,Johnny Mercer and Margaret Whiting,Jazz
2323,Perry Como and The Fontane Sisters,Jazz
2324,Dick Haymes,Pop music
2325,Tommy Dorsey and Charlie Shavers,Jazz
2326,Margaret Whiting,Pop music
2327,Ken Griffin and Jerry Wayne,Pop music
2328,Al Trace,Pop music
2329,The Pied Pipers,Country music
2330,The King Cole Trio,Jazz
2331,Kay Kyser,Rock music
2332,Doris Day and Buddy Clark,Alternative rock
2333,Gracie Fields,Jazz
2334,The Andrews Sisters,Pop music
2335,Arthur Godfrey,Polka
2336,Ella Fitzgerald,Jazz
2337,Frankie Carle,Jazz
2338,Tex Beneke,Jazz
2339,Ray Noble,Jazz
2340,Russ Morgan and Milt Herth,Jazz
2341,Tex Williams,Country music
2342,Al Jolson,Jazz
2343,Larry Green,Pop music
2344,Freddy Martin,Jazz
2345,Red Ingle and Jo Stafford,Jazz
2346,Ted Weems and Perry Como,Jazz
2347,Jack Owens,Rock music
2348,Hoagy Carmichael,Jazz
2349,Andrews Sisters and Danny Kaye,Jazz
2350,Count Basie,Blues music
2351,Charlie Spivak,Alternative rock
2352,Tex Beneke and The Glenn Miller Orchestra,Rock music
2353,The Ink Spots,Jazz
2354,Bing Crosby and The Andrews Sisters,Pop music
2355,Betty Hutton,Pop music
2356,Bing Crosby and Carmen Cavallaro,Pop music
2357,Andy Russell,Pop music
2358,Les Brown,Jazz
2359,Benny Goodman,Jazz
2360,Dick Haymes and Helen Forrest,Jazz
2361,Andrews Sisters and Les Paul Trio,Blues music
2362,Modernaires and Paula Kelly,Rock music
2363,Harry James,Jazz
2364,Johnny Mercer,Pop music
2365,Duke Ellington,Jazz
2366,Judy Garland,Pop music
2367,Ella Fitzgerald & The Ink Spots,Jazz
2368,Bing Crosby & Les Paul,Pop music
2369,Louis Jordan,Jazz
2370,Bing Crosby & The Andrews Sisters,Jazz
2371,Billie Holiday,Jazz
2372,Woody Herman,Jazz
2373,Helen Forrest & Dick Haymes,Pop music
2374,Tommy Dorsey,Jazz
2375,Nelson Goncalves,Fusion music
2376,Louis Prima,Jazz
2377,Big Maceo Merriweather,Blues music
2378,Dizzy Gillespie,Jazz
2379,Lucky Millinder,Country music
2380,Dorival Caymmi,Fusion music
2381,Stan Kenton,Jazz
2382,Charlie Parker,Jazz
2383,Dick Thomas,Country music
2384,Tex Ritter,Country music
2385,Joe Liggins,Blues music
2386,Anjos do Inferno,Fusion music
2387,The Mills Brothers,Jazz
2388,Spike Jones,
2389,Eddie Heywood,Jazz
2390,Coleman Hawkins,Jazz
2391,Cyro Monteiro,Fusion music
2392,Phil Moore Four,Pop music
2393,Carmen Cavallaro,Heavy metal
2394,Hal McIntyre & his Orchestra,Pop music
2395,Johnny Long,Pop music
2396,Betty Grable,Alternative rock
2397,Glenn Miller,Jazz
2398,Artie Shaw,Jazz
2399,Horace Heidt,Jazz
2400,Tommy Dorsey & Frank Sinatra,Jazz
2401,The Sons of the Pioneers,Country music
2402,Xavier Cugat,Rock music
2403,The Jesters,Pop music
2404,Francisco Alves,Fusion music
2405,Al Bowlly,Jazz
2406,Ernest Tubb,Country music
2407,Charlie Barnet,Jazz
2408,Joe Loss Orchestra,
2409,Carlos Galhardo,
2410,Gene Krupa,Jazz
2411,Washboard Sam,Blues music
2412,Joel & Gaucho,Fusion music
2413,Jay McShann,Jazz
2414,Pedro Vargas,Latin music
2415,Browns,Country music
2416,Fleetwoods,Pop music
2417,Wilbert Harrison,Pop music
2418,Santo and Johnny,Rock music
2419,Ritchie Valens,Pop music
2420,Dodie Stevens,Pop music
2421,The Coasters,Jazz
2422,Martin Denny,Rock music
2423,Carl Dobkins Jr.,Pop music
2424,Impalas,
2425,Stonewall Jackson,Country music
2426,Sammy Turner,Pop music
2427,Sandy Nelson,Rock music
2428,Edward Burns and Connie Stevens,
2429,Thomas Wayne,Country music
2430,Fabian,Fusion music
2431,Della Reese,Jazz
2432,Dinah Washington,Jazz
2433,Jerry Wallace,Country music
2434,David Seville and The Chipmunks,Rock music
2435,Sarah Vaughan,Jazz
2436,Franck Pourcel,Rock music
2437,Billy Grammer,Pop music
2438,Travis and Bob,Hip hop
2439,The Bell Notes,Pop music
2440,Skyliners,Pop music
2441,Fiestas,
2442,Wink Martindale,Pop music
2443,Flamingos,Blues music
2444,Chris Barber’s Jazz Band,Jazz
2445,Tommy Dee and Carol Kay,
2446,Frankie Ford,Blues music
2447,Ivo Robic,Blues music
2448,Glen Gray,Jazz
2449,Ella Fitzgerald & Ink Spots,Jazz
2450,The Ames Brothers,Country music
2451,Louis Jordan and his Tympany Five,Blues music
2452,Benny Carter,Jazz
2453,Andrews Sisters,Jazz
2454,Lionel Hampton,Jazz
2455,Helen Forrest,Rock music
2456,Rudy Vallee,Jazz
2457,Alfred Drake,
2458,Lena Horne,Jazz
2459,Al Dexter & His Troops,Pop music
2460,Jimmy Wakely,Country music
2461,Erskine Hawkins,Jazz
2462,King Cole Trio,Jazz
2463,Fred Astaire,Jazz
