,ARTIST,ARTIST_Full,Rank,TITLE,YEAR,Year,acousticness,artist_img,artist_pop,artist_uri,danceability,duration_ms,energy,exact_song_match,explicit,genres,instrumentalness,key,liveness,loudness,preview_url,search_dict,song_name,song_pop,song_uri,tempo,valence
25,Sam Smith,Sam Smith,26.0,I’m Not The OnlyOne,2015.0,2015.0,,https://i.scdn.co/image/3ff2ecefac86c81b2fff66b67dd86527941777e0,82.0,,,,,False,,[u'pop'],,,,,,"{'acousticness': None, 'genres': [u'pop'], 'artist_img': u'https://i.scdn.co/image/3ff2ecefac86c81b2fff66b67dd86527941777e0', 'song_uri': None, 'exact_song_match': False, 'explicit': None, 'song_name': None, 'liveness': None, 'tempo': None, 'preview_url': None, 'artist_uri': None, 'song_pop': None, 'artist_pop': 82, 'instrumentalness': None, 'key': None, 'duration_ms': None, 'loudness': None, 'valence': None, 'energy': None, 'danceability': None}",,,,,
416,P!Nk,P!Nk,19.0,F**Kin’ Perfect,2011.0,2011.0,,https://i.scdn.co/image/3f187467d899f769b294d37422acffca915b968e,79.0,,,,,False,,"[u'dance pop', u'hip pop', u'neo mellow', u'pop', u'pop rap', u'pop rock', u'post-teen pop', u'r&b', u'urban contemporary']",,,,,,"{'acousticness': None, 'genres': [u'dance pop', u'hip pop', u'neo mellow', u'pop', u'pop rap', u'pop rock', u'post-teen pop', u'r&b', u'urban contemporary'], 'artist_img': u'https://i.scdn.co/image/3f187467d899f769b294d37422acffca915b968e', 'song_uri': None, 'exact_song_match': False, 'explicit': None, 'song_name': None, 'liveness': None, 'tempo': None, 'preview_url': None, 'artist_uri': None, 'song_pop': None, 'artist_pop': 79, 'instrumentalness': None, 'key': None, 'duration_ms': None, 'loudness': None, 'valence': None, 'energy': None, 'danceability': None}",,,,,
938,T-Pain,T-Pain feat. Mike Jones,41.0,I’n N Luv (Wit a Stripper),2006.0,2006.0,,https://i.scdn.co/image/ff86a8fae2633f504069c6ee24b8d63c216302c2,77.0,,,,,False,,"[u'crunk', u'dance pop', u'dirty south rap', u'gangster rap', u'hip hop', u'hip pop', u'pop', u'pop rap', u'r&b', u'rap', u'southern hip hop', u'trap music', u'urban contemporary']",,,,,,"{'acousticness': None, 'genres': [u'crunk', u'dance pop', u'dirty south rap', u'gangster rap', u'hip hop', u'hip pop', u'pop', u'pop rap', u'r&b', u'rap', u'southern hip hop', u'trap music', u'urban contemporary'], 'artist_img': u'https://i.scdn.co/image/ff86a8fae2633f504069c6ee24b8d63c216302c2', 'song_uri': None, 'exact_song_match': False, 'explicit': None, 'song_name': None, 'liveness': None, 'tempo': None, 'preview_url': None, 'artist_uri': None, 'song_pop': None, 'artist_pop': 77, 'instrumentalness': None, 'key': None, 'duration_ms': None, 'loudness': None, 'valence': None, 'energy': None, 'danceability': None}",,,,,
997,Teddy Geiger,Teddy Geiger,100.0,For You I Will (Condience),2006.0,2006.0,,https://i.scdn.co/image/1f39bad557269a379bdc5c66e79bc316b826cff5,45.0,,,,,False,,"[u'acoustic pop', u'folk christmas', u'neo mellow', u'pop', u'pop christmas', u'pop rock', u'viral pop']",,,,,,"{'acousticness': None, 'genres': [u'acoustic pop', u'folk christmas', u'neo mellow', u'pop', u'pop christmas', u'pop rock', u'viral pop'], 'artist_img': u'https://i.scdn.co/image/1f39bad557269a379bdc5c66e79bc316b826cff5', 'song_uri': None, 'exact_song_match': False, 'explicit': None, 'song_name': None, 'liveness': None, 'tempo': None, 'preview_url': None, 'artist_uri': None, 'song_pop': None, 'artist_pop': 45, 'instrumentalness': None, 'key': None, 'duration_ms': None, 'loudness': None, 'valence': None, 'energy': None, 'danceability': None}",,,,,
1154,Jagged Edge,Jagged Edge,57.0,Walker outta Heaven,2004.0,2004.0,,https://i.scdn.co/image/17be36a3aeac605882a20df18b5ec574b973e2ce,62.0,,,,,False,,"[u'dance pop', u'hip pop', u'neo soul', u'new jack swing', u'pop christmas', u'r&b', u'soul christmas', u'urban contemporary']",,,,,,"{'acousticness': None, 'genres': [u'dance pop', u'hip pop', u'neo soul', u'new jack swing', u'pop christmas', u'r&b', u'soul christmas', u'urban contemporary'], 'artist_img': u'https://i.scdn.co/image/17be36a3aeac605882a20df18b5ec574b973e2ce', 'song_uri': None, 'exact_song_match': False, 'explicit': None, 'song_name': None, 'liveness': None, 'tempo': None, 'preview_url': None, 'artist_uri': None, 'song_pop': None, 'artist_pop': 62, 'instrumentalness': None, 'key': None, 'duration_ms': None, 'loudness': None, 'valence': None, 'energy': None, 'danceability': None}",,,,,
1450,Lil’ Mo,Lil’ Mo feat. Fabolous,53.0,Superwoman Pt. II,2001.0,2001.0,,https://i.scdn.co/image/982332f470cb8f27207f1f6c0de2710128276f8c,53.0,,,,,False,,"[u'hip pop', u'neo soul', u'new jack swing', u'r&b', u'urban contemporary']",,,,,,"{'acousticness': None, 'genres': [u'hip pop', u'neo soul', u'new jack swing', u'r&b', u'urban contemporary'], 'artist_img': u'https://i.scdn.co/image/982332f470cb8f27207f1f6c0de2710128276f8c', 'song_uri': None, 'exact_song_match': False, 'explicit': None, 'song_name': None, 'liveness': None, 'tempo': None, 'preview_url': None, 'artist_uri': None, 'song_pop': None, 'artist_pop': 53, 'instrumentalness': None, 'key': None, 'duration_ms': None, 'loudness': None, 'valence': None, 'energy': None, 'danceability': None}",,,,,
1784,Jewel,Jewel,87.0,Foolish Games / You Were Meant For Me,1998.0,1998.0,,https://i.scdn.co/image/53c2172d035a546358d36b8cfac348a9e3fe9640,57.0,,,,,False,,"[u'dance pop', u'folk christmas', u'folk-pop', u'hollywood', u'lilith', u'neo mellow', u'new wave pop', u'permanent wave', u'pop', u'pop christmas', u'pop rock', u'singer-songwriter']",,,,,,"{'acousticness': None, 'genres': [u'dance pop', u'folk christmas', u'folk-pop', u'hollywood', u'lilith', u'neo mellow', u'new wave pop', u'permanent wave', u'pop', u'pop christmas', u'pop rock', u'singer-songwriter'], 'artist_img': u'https://i.scdn.co/image/53c2172d035a546358d36b8cfac348a9e3fe9640', 'song_uri': None, 'exact_song_match': False, 'explicit': None, 'song_name': None, 'liveness': None, 'tempo': None, 'preview_url': None, 'artist_uri': None, 'song_pop': None, 'artist_pop': 57, 'instrumentalness': None, 'key': None, 'duration_ms': None, 'loudness': None, 'valence': None, 'energy': None, 'danceability': None}",,,,,
1799,Jewel,Jewel,2.0,Foolish Games / You Were Meant For Me,1997.0,1997.0,,https://i.scdn.co/image/53c2172d035a546358d36b8cfac348a9e3fe9640,57.0,,,,,False,,"[u'dance pop', u'folk christmas', u'folk-pop', u'hollywood', u'lilith', u'neo mellow', u'new wave pop', u'permanent wave', u'pop', u'pop christmas', u'pop rock', u'singer-songwriter']",,,,,,"{'acousticness': None, 'genres': [u'dance pop', u'folk christmas', u'folk-pop', u'hollywood', u'lilith', u'neo mellow', u'new wave pop', u'permanent wave', u'pop', u'pop christmas', u'pop rock', u'singer-songwriter'], 'artist_img': u'https://i.scdn.co/image/53c2172d035a546358d36b8cfac348a9e3fe9640', 'song_uri': None, 'exact_song_match': False, 'explicit': None, 'song_name': None, 'liveness': None, 'tempo': None, 'preview_url': None, 'artist_uri': None, 'song_pop': None, 'artist_pop': 57, 'instrumentalness': None, 'key': None, 'duration_ms': None, 'loudness': None, 'valence': None, 'energy': None, 'danceability': None}",,,,,
1856,Toni Braxton,Toni Braxton,59.0,I Don’t Want To / I Love Me Some Him,1997.0,1997.0,,https://i.scdn.co/image/840ac476bcb43af4bb5415921e2df6cc6c3a7b42,63.0,,,,,False,,"[u'dance pop', u'hip pop', u'neo soul', u'new jack swing', u'pop', u'quiet storm', u'r&b', u'soul', u'soul christmas', u'urban contemporary']",,,,,,"{'acousticness': None, 'genres': [u'dance pop', u'hip pop', u'neo soul', u'new jack swing', u'pop', u'quiet storm', u'r&b', u'soul', u'soul christmas', u'urban contemporary'], 'artist_img': u'https://i.scdn.co/image/840ac476bcb43af4bb5415921e2df6cc6c3a7b42', 'song_uri': None, 'exact_song_match': False, 'explicit': None, 'song_name': None, 'liveness': None, 'tempo': None, 'preview_url': None, 'artist_uri': None, 'song_pop': None, 'artist_pop': 63, 'instrumentalness': None, 'key': None, 'duration_ms': None, 'loudness': None, 'valence': None, 'energy': None, 'danceability': None}",,,,,
1869,Various Artists,Various Artists,72.0,ESPN Presents The Jock Jam,1997.0,1997.0,,https://i.scdn.co/image/ec0c7b38b7d7ad80dc24d0ed495d6c003a8ae62e,32.0,,,,,False,,[],,,,,,"{'acousticness': None, 'genres': [], 'artist_img': u'https://i.scdn.co/image/ec0c7b38b7d7ad80dc24d0ed495d6c003a8ae62e', 'song_uri': None, 'exact_song_match': False, 'explicit': None, 'song_name': None, 'liveness': None, 'tempo': None, 'preview_url': None, 'artist_uri': None, 'song_pop': None, 'artist_pop': 32, 'instrumentalness': None, 'key': None, 'duration_ms': None, 'loudness': None, 'valence': None, 'energy': None, 'danceability': None}",,,,,
1895,Toni Braxton,Toni Braxton,98.0,You’re Makin’ Me High / Let It Flow,1997.0,1997.0,,https://i.scdn.co/image/840ac476bcb43af4bb5415921e2df6cc6c3a7b42,63.0,,,,,False,,"[u'dance pop', u'hip pop', u'neo soul', u'new jack swing', u'pop', u'quiet storm', u'r&b', u'soul', u'soul christmas', u'urban contemporary']",,,,,,"{'acousticness': None, 'genres': [u'dance pop', u'hip pop', u'neo soul', u'new jack swing', u'pop', u'quiet storm', u'r&b', u'soul', u'soul christmas', u'urban contemporary'], 'artist_img': u'https://i.scdn.co/image/840ac476bcb43af4bb5415921e2df6cc6c3a7b42', 'song_uri': None, 'exact_song_match': False, 'explicit': None, 'song_name': None, 'liveness': None, 'tempo': None, 'preview_url': None, 'artist_uri': None, 'song_pop': None, 'artist_pop': 63, 'instrumentalness': None, 'key': None, 'duration_ms': None, 'loudness': None, 'valence': None, 'energy': None, 'danceability': None}",,,,,
1906,Toni Braxton,Toni Braxton,9.0,You’re Makin’ Me High / Let It Flow,1996.0,1996.0,,https://i.scdn.co/image/840ac476bcb43af4bb5415921e2df6cc6c3a7b42,63.0,,,,,False,,"[u'dance pop', u'hip pop', u'neo soul', u'new jack swing', u'pop', u'quiet storm', u'r&b', u'soul', u'soul christmas', u'urban contemporary']",,,,,,"{'acousticness': None, 'genres': [u'dance pop', u'hip pop', u'neo soul', u'new jack swing', u'pop', u'quiet storm', u'r&b', u'soul', u'soul christmas', u'urban contemporary'], 'artist_img': u'https://i.scdn.co/image/840ac476bcb43af4bb5415921e2df6cc6c3a7b42', 'song_uri': None, 'exact_song_match': False, 'explicit': None, 'song_name': None, 'liveness': None, 'tempo': None, 'preview_url': None, 'artist_uri': None, 'song_pop': None, 'artist_pop': 63, 'instrumentalness': None, 'key': None, 'duration_ms': None, 'loudness': None, 'valence': None, 'energy': None, 'danceability': None}",,,,,
1914,2Pac,2Pac,17.0,How Do U Want It / California Love,1996.0,1996.0,,https://i.scdn.co/image/e92cf49011e4c26f736cd479b0b64cb08f1b52c6,79.0,,,,,False,,"[u'dirty south rap', u'g funk', u'gangster rap', u'hip hop', u'pop rap', u'rap', u'southern hip hop', u'west coast rap']",,,,,,"{'acousticness': None, 'genres': [u'dirty south rap', u'g funk', u'gangster rap', u'hip hop', u'pop rap', u'rap', u'southern hip hop', u'west coast rap'], 'artist_img': u'https://i.scdn.co/image/e92cf49011e4c26f736cd479b0b64cb08f1b52c6', 'song_uri': None, 'exact_song_match': False, 'explicit': None, 'song_name': None, 'liveness': None, 'tempo': None, 'preview_url': None, 'artist_uri': None, 'song_pop': None, 'artist_pop': 79, 'instrumentalness': None, 'key': None, 'duration_ms': None, 'loudness': None, 'valence': None, 'energy': None, 'danceability': None}",,,,,
1926,Alanis Morissette,Alanis Morissette,29.0,You Learn / You Oughta Know,1996.0,1996.0,,https://i.scdn.co/image/a6ec4dd0c4eb71ce0c7ac1c1a11ed98c39f30ca3,68.0,,,,,False,,"[u'canadian pop', u'dance pop', u'europop', u'lilith', u'neo mellow', u'new wave pop', u'pop', u'pop rock', u'rock', u'singer-songwriter']",,,,,,"{'acousticness': None, 'genres': [u'canadian pop', u'dance pop', u'europop', u'lilith', u'neo mellow', u'new wave pop', u'pop', u'pop rock', u'rock', u'singer-songwriter'], 'artist_img': u'https://i.scdn.co/image/a6ec4dd0c4eb71ce0c7ac1c1a11ed98c39f30ca3', 'song_uri': None, 'exact_song_match': False, 'explicit': None, 'song_name': None, 'liveness': None, 'tempo': None, 'preview_url': None, 'artist_uri': None, 'song_pop': None, 'artist_pop': 68, 'instrumentalness': None, 'key': None, 'duration_ms': None, 'loudness': None, 'valence': None, 'energy': None, 'danceability': None}",,,,,
1935,Monica,Monica,38.0,Before You Walk Out Of My Life / Like This And Like That,1996.0,1996.0,,https://i.scdn.co/image/94b98c3e0d03f28a85242cef9cd9e53eac04708e,63.0,,,,,False,,"[u'dance pop', u'hip pop', u'neo soul', u'new jack swing', u'pop christmas', u'r&b', u'urban contemporary']",,,,,,"{'acousticness': None, 'genres': [u'dance pop', u'hip pop', u'neo soul', u'new jack swing', u'pop christmas', u'r&b', u'urban contemporary'], 'artist_img': u'https://i.scdn.co/image/94b98c3e0d03f28a85242cef9cd9e53eac04708e', 'song_uri': None, 'exact_song_match': False, 'explicit': None, 'song_name': None, 'liveness': None, 'tempo': None, 'preview_url': None, 'artist_uri': None, 'song_pop': None, 'artist_pop': 63, 'instrumentalness': None, 'key': None, 'duration_ms': None, 'loudness': None, 'valence': None, 'energy': None, 'danceability': None}",,,,,
1943,Monica,Monica,46.0,Why I Love You So Much / Ain’t Nobody,1996.0,1996.0,,https://i.scdn.co/image/94b98c3e0d03f28a85242cef9cd9e53eac04708e,63.0,,,,,False,,"[u'dance pop', u'hip pop', u'neo soul', u'new jack swing', u'pop christmas', u'r&b', u'urban contemporary']",,,,,,"{'acousticness': None, 'genres': [u'dance pop', u'hip pop', u'neo soul', u'new jack swing', u'pop christmas', u'r&b', u'urban contemporary'], 'artist_img': u'https://i.scdn.co/image/94b98c3e0d03f28a85242cef9cd9e53eac04708e', 'song_uri': None, 'exact_song_match': False, 'explicit': None, 'song_name': None, 'liveness': None, 'tempo': None, 'preview_url': None, 'artist_uri': None, 'song_pop': None, 'artist_pop': 63, 'instrumentalness': None, 'key': None, 'duration_ms': None, 'loudness': None, 'valence': None, 'energy': None, 'danceability': None}",,,,,
1954,Busta Rhymes,Busta Rhymes,57.0,Woo-hah!! Got You All In Check / Everything Remains Raw,1996.0,1996.0,,https://i.scdn.co/image/b830425ba6b010780e7ffd150f63dbbdcdad04e5,73.0,,,,,False,,"[u'crunk', u'dirty south rap', u'east coast hip hop', u'hardcore hip hop', u'hip hop', u'hip pop', u'pop christmas', u'pop rap', u'rap']",,,,,,"{'acousticness': None, 'genres': [u'crunk', u'dirty south rap', u'east coast hip hop', u'hardcore hip hop', u'hip hop', u'hip pop', u'pop christmas', u'pop rap', u'rap'], 'artist_img': u'https://i.scdn.co/image/b830425ba6b010780e7ffd150f63dbbdcdad04e5', 'song_uri': None, 'exact_song_match': False, 'explicit': None, 'song_name': None, 'liveness': None, 'tempo': None, 'preview_url': None, 'artist_uri': None, 'song_pop': None, 'artist_pop': 73, 'instrumentalness': None, 'key': None, 'duration_ms': None, 'loudness': None, 'valence': None, 'energy': None, 'danceability': None}",,,,,
1963,Adam Clayton and Larry Mullen,Adam Clayton and Larry Mullen,66.0,Theme From Mission: Impossible,1996.0,1996.0,,,,,,,,False,,,,,,,,"{'acousticness': None, 'genres': None, 'artist_img': None, 'song_uri': None, 'exact_song_match': False, 'explicit': None, 'song_name': None, 'liveness': None, 'tempo': None, 'preview_url': None, 'artist_uri': None, 'song_pop': None, 'artist_pop': None, 'instrumentalness': None, 'key': None, 'duration_ms': None, 'loudness': None, 'valence': None, 'energy': None, 'danceability': None}",,,,,
1993,Pearl Jam,Pearl Jam,96.0,I Got Id / Long Road,1996.0,1996.0,,https://i.scdn.co/image/40d668e897af5064f1ebd3b5e44354165f61417c,75.0,,,,,False,,"[u'alternative metal', u'alternative rock', u'funk rock', u'grunge', u'hard rock', u'nu metal', u'permanent wave', u'pop rock', u'post-grunge', u'rock']",,,,,,"{'acousticness': None, 'genres': [u'alternative metal', u'alternative rock', u'funk rock', u'grunge', u'hard rock', u'nu metal', u'permanent wave', u'pop rock', u'post-grunge', u'rock'], 'artist_img': u'https://i.scdn.co/image/40d668e897af5064f1ebd3b5e44354165f61417c', 'song_uri': None, 'exact_song_match': False, 'explicit': None, 'song_name': None, 'liveness': None, 'tempo': None, 'preview_url': None, 'artist_uri': None, 'song_pop': None, 'artist_pop': 75, 'instrumentalness': None, 'key': None, 'duration_ms': None, 'loudness': None, 'valence': None, 'energy': None, 'danceability': None}",,,,,
2044,Notorious B.I.G.,Notorious B.I.G.,47.0,Big Poppa / Warning,1995.0,1995.0,,https://i.scdn.co/image/9bb42de208edcb69653a8e7951fa93b13f598cdd,78.0,,,,,False,,"[u'dirty south rap', u'east coast hip hop', u'gangster rap', u'hardcore hip hop', u'hip hop', u'hip pop', u'pop rap', u'rap', u'southern hip hop']",,,,,,"{'acousticness': None, 'genres': [u'dirty south rap', u'east coast hip hop', u'gangster rap', u'hardcore hip hop', u'hip hop', u'hip pop', u'pop rap', u'rap', u'southern hip hop'], 'artist_img': u'https://i.scdn.co/image/9bb42de208edcb69653a8e7951fa93b13f598cdd', 'song_uri': None, 'exact_song_match': False, 'explicit': None, 'song_name': None, 'liveness': None, 'tempo': None, 'preview_url': None, 'artist_uri': None, 'song_pop': None, 'artist_pop': 78, 'instrumentalness': None, 'key': None, 'duration_ms': None, 'loudness': None, 'valence': None, 'energy': None, 'danceability': None}",,,,,
2048,2Pac,2Pac,51.0,Dear Mama / Old School,1995.0,1995.0,,https://i.scdn.co/image/e92cf49011e4c26f736cd479b0b64cb08f1b52c6,79.0,,,,,False,,"[u'dirty south rap', u'g funk', u'gangster rap', u'hip hop', u'pop rap', u'rap', u'southern hip hop', u'west coast rap']",,,,,,"{'acousticness': None, 'genres': [u'dirty south rap', u'g funk', u'gangster rap', u'hip hop', u'pop rap', u'rap', u'southern hip hop', u'west coast rap'], 'artist_img': u'https://i.scdn.co/image/e92cf49011e4c26f736cd479b0b64cb08f1b52c6', 'song_uri': None, 'exact_song_match': False, 'explicit': None, 'song_name': None, 'liveness': None, 'tempo': None, 'preview_url': None, 'artist_uri': None, 'song_pop': None, 'artist_pop': 79, 'instrumentalness': None, 'key': None, 'duration_ms': None, 'loudness': None, 'valence': None, 'energy': None, 'danceability': None}",,,,,
2061,Janet Jackson,Janet Jackson,64.0,You Want This-70’s Love Groove,1995.0,1995.0,,https://i.scdn.co/image/ce5f5b9ffd9d615ee698fbc94eecda826caa77fa,65.0,,,,,False,,"[u'dance pop', u'hip pop', u'neo soul', u'new jack swing', u'pop', u'pop rap', u'quiet storm', u'r&b', u'soul', u'urban contemporary']",,,,,,"{'acousticness': None, 'genres': [u'dance pop', u'hip pop', u'neo soul', u'new jack swing', u'pop', u'pop rap', u'quiet storm', u'r&b', u'soul', u'urban contemporary'], 'artist_img': u'https://i.scdn.co/image/ce5f5b9ffd9d615ee698fbc94eecda826caa77fa', 'song_uri': None, 'exact_song_match': False, 'explicit': None, 'song_name': None, 'liveness': None, 'tempo': None, 'preview_url': None, 'artist_uri': None, 'song_pop': None, 'artist_pop': 65, 'instrumentalness': None, 'key': None, 'duration_ms': None, 'loudness': None, 'valence': None, 'energy': None, 'danceability': None}",,,,,
2087,Melissa Etheridge,Melissa Etheridge,90.0,Like The Way I Do-If I Wanted To,1995.0,1995.0,,https://i.scdn.co/image/3f44d44a87c19cbed6bdd0c5e507c9dafa112f9a,51.0,,,,,False,,"[u'folk', u'folk christmas', u'lilith', u'mellow gold', u'new wave pop', u'pop christmas', u'pop rock', u'rock', u'singer-songwriter']",,,,,,"{'acousticness': None, 'genres': [u'folk', u'folk christmas', u'lilith', u'mellow gold', u'new wave pop', u'pop christmas', u'pop rock', u'rock', u'singer-songwriter'], 'artist_img': u'https://i.scdn.co/image/3f44d44a87c19cbed6bdd0c5e507c9dafa112f9a', 'song_uri': None, 'exact_song_match': False, 'explicit': None, 'song_name': None, 'liveness': None, 'tempo': None, 'preview_url': None, 'artist_uri': None, 'song_pop': None, 'artist_pop': 51, 'instrumentalness': None, 'key': None, 'duration_ms': None, 'loudness': None, 'valence': None, 'energy': None, 'danceability': None}",,,,,
2377,Def Leppard,Def Leppard,80.0,Have You Ever Needed Somone So Bad,1992.0,1992.0,,https://i.scdn.co/image/fbfa28b1424db2826f5fbee45b2c66e830838c16,66.0,,,,,False,,"[u'album rock', u'blues-rock', u'classic rock', u'glam metal', u'hard rock', u'mellow gold', u'metal', u'rock']",,,,,,"{'acousticness': None, 'genres': [u'album rock', u'blues-rock', u'classic rock', u'glam metal', u'hard rock', u'mellow gold', u'metal', u'rock'], 'artist_img': u'https://i.scdn.co/image/fbfa28b1424db2826f5fbee45b2c66e830838c16', 'song_uri': None, 'exact_song_match': False, 'explicit': None, 'song_name': None, 'liveness': None, 'tempo': None, 'preview_url': None, 'artist_uri': None, 'song_pop': None, 'artist_pop': 66, 'instrumentalness': None, 'key': None, 'duration_ms': None, 'loudness': None, 'valence': None, 'energy': None, 'danceability': None}",,,,,
2460,Enigrna,Enigrna,63.0,Saideness Part I,1991.0,1991.0,,,,,,,,False,,,,,,,,"{'acousticness': None, 'genres': None, 'artist_img': None, 'song_uri': None, 'exact_song_match': False, 'explicit': None, 'song_name': None, 'liveness': None, 'tempo': None, 'preview_url': None, 'artist_uri': None, 'song_pop': None, 'artist_pop': None, 'instrumentalness': None, 'key': None, 'duration_ms': None, 'loudness': None, 'valence': None, 'energy': None, 'danceability': None}",,,,,
2626,Martika,Martika,29.0,Toy Solider,1989.0,1989.0,,https://i.scdn.co/image/973067b06ebbea8ffa863159cada21431d2cb1f4,48.0,,,,,False,,"[u'dance rock', u'freestyle', u'mellow gold', u'new romantic', u'new wave', u'new wave pop', u'soft rock', u'synthpop']",,,,,,"{'acousticness': None, 'genres': [u'dance rock', u'freestyle', u'mellow gold', u'new romantic', u'new wave', u'new wave pop', u'soft rock', u'synthpop'], 'artist_img': u'https://i.scdn.co/image/973067b06ebbea8ffa863159cada21431d2cb1f4', 'song_uri': None, 'exact_song_match': False, 'explicit': None, 'song_name': None, 'liveness': None, 'tempo': None, 'preview_url': None, 'artist_uri': None, 'song_pop': None, 'artist_pop': 48, 'instrumentalness': None, 'key': None, 'duration_ms': None, 'loudness': None, 'valence': None, 'energy': None, 'danceability': None}",,,,,
2666,Karyn White,Karyn White,69.0,Secret Rendesvous,1989.0,1989.0,,https://i.scdn.co/image/6048d3676e068e0b9c6e4fbb9412d0f0b454ae63,41.0,,,,,False,,"[u'freestyle', u'neo soul', u'new jack swing', u'quiet storm', u'r&b', u'urban contemporary']",,,,,,"{'acousticness': None, 'genres': [u'freestyle', u'neo soul', u'new jack swing', u'quiet storm', u'r&b', u'urban contemporary'], 'artist_img': u'https://i.scdn.co/image/6048d3676e068e0b9c6e4fbb9412d0f0b454ae63', 'song_uri': None, 'exact_song_match': False, 'explicit': None, 'song_name': None, 'liveness': None, 'tempo': None, 'preview_url': None, 'artist_uri': None, 'song_pop': None, 'artist_pop': 41, 'instrumentalness': None, 'key': None, 'duration_ms': None, 'loudness': None, 'valence': None, 'energy': None, 'danceability': None}",,,,,
2671,Guns N’ Roses,Guns N’ Roses,74.0,Welcom To The Jungle,1989.0,1989.0,,https://i.scdn.co/image/c33e04e20a47f1461c6294291205ed1ade70a6ff,79.0,,,,,False,,"[u'album rock', u'alternative metal', u'alternative rock', u'classic rock', u'funk rock', u'glam metal', u'hard rock', u'post-grunge', u'rock']",,,,,,"{'acousticness': None, 'genres': [u'album rock', u'alternative metal', u'alternative rock', u'classic rock', u'funk rock', u'glam metal', u'hard rock', u'post-grunge', u'rock'], 'artist_img': u'https://i.scdn.co/image/c33e04e20a47f1461c6294291205ed1ade70a6ff', 'song_uri': None, 'exact_song_match': False, 'explicit': None, 'song_name': None, 'liveness': None, 'tempo': None, 'preview_url': None, 'artist_uri': None, 'song_pop': None, 'artist_pop': 79, 'instrumentalness': None, 'key': None, 'duration_ms': None, 'loudness': None, 'valence': None, 'energy': None, 'danceability': None}",,,,,
2682,Boys Club,Boys Club,85.0,I Remember Holding You,1989.0,1989.0,,,8.0,,,,,False,,[u'garage punk'],,,,,,"{'acousticness': None, 'genres': [u'garage punk'], 'artist_img': None, 'song_uri': None, 'exact_song_match': False, 'explicit': None, 'song_name': None, 'liveness': None, 'tempo': None, 'preview_url': None, 'artist_uri': None, 'song_pop': None, 'artist_pop': 8, 'instrumentalness': None, 'key': None, 'duration_ms': None, 'loudness': None, 'valence': None, 'energy': None, 'danceability': None}",,,,,
2684,Samantha Fox,Samantha Fox,87.0,Iwanna Have Some Fun,1989.0,1989.0,,https://i.scdn.co/image/8d5d4bbfec31dc51dc8302ace7b559a0ad7e24d9,44.0,,,,,False,,"[u'dance rock', u'eurodance', u'europop', u'freestyle', u'italian disco', u'new romantic', u'new wave pop']",,,,,,"{'acousticness': None, 'genres': [u'dance rock', u'eurodance', u'europop', u'freestyle', u'italian disco', u'new romantic', u'new wave pop'], 'artist_img': u'https://i.scdn.co/image/8d5d4bbfec31dc51dc8302ace7b559a0ad7e24d9', 'song_uri': None, 'exact_song_match': False, 'explicit': None, 'song_name': None, 'liveness': None, 'tempo': None, 'preview_url': None, 'artist_uri': None, 'song_pop': None, 'artist_pop': 44, 'instrumentalness': None, 'key': None, 'duration_ms': None, 'loudness': None, 'valence': None, 'energy': None, 'danceability': None}",,,,,
2691,Deon Estus,Deon Estus,94.0,Heavan Help Me,1989.0,1989.0,,https://i.scdn.co/image/2206f581c40ec497bdcf7e94dab7655858167b1e,22.0,,,,,False,,"[u'freestyle', u'quiet storm', u'urban contemporary']",,,,,,"{'acousticness': None, 'genres': [u'freestyle', u'quiet storm', u'urban contemporary'], 'artist_img': u'https://i.scdn.co/image/2206f581c40ec497bdcf7e94dab7655858167b1e', 'song_uri': None, 'exact_song_match': False, 'explicit': None, 'song_name': None, 'liveness': None, 'tempo': None, 'preview_url': None, 'artist_uri': None, 'song_pop': None, 'artist_pop': 22, 'instrumentalness': None, 'key': None, 'duration_ms': None, 'loudness': None, 'valence': None, 'energy': None, 'danceability': None}",,,,,
2885,Heart,Heart,88.0,Who Will You Run Too,1987.0,1987.0,,https://i.scdn.co/image/eb463616f848370de3693b76b2c8f269bce5e66e,73.0,,,,,False,,"[u'chamber pop', u'folk christmas', u'folk-pop', u'indie christmas', u'indie folk', u'indie pop', u'new americana', u'seattle indie', u'stomp and holler']",,,,,,"{'acousticness': None, 'genres': [u'chamber pop', u'folk christmas', u'folk-pop', u'indie christmas', u'indie folk', u'indie pop', u'new americana', u'seattle indie', u'stomp and holler'], 'artist_img': u'https://i.scdn.co/image/eb463616f848370de3693b76b2c8f269bce5e66e', 'song_uri': None, 'exact_song_match': False, 'explicit': None, 'song_name': None, 'liveness': None, 'tempo': None, 'preview_url': None, 'artist_uri': None, 'song_pop': None, 'artist_pop': 73, 'instrumentalness': None, 'key': None, 'duration_ms': None, 'loudness': None, 'valence': None, 'energy': None, 'danceability': None}",,,,,
3080,Daryl Hall and John Oates,Daryl Hall and John Oates,83.0,Method Op Modern Love,1985.0,1985.0,,https://i.scdn.co/image/85f14ce6e022d573a1b3e1c973e22acf454f0c5e,70.0,,,,,False,,"[u'album rock', u'classic funk rock', u'classic rock', u'dance rock', u'folk rock', u'mellow gold', u'new romantic', u'new wave', u'new wave pop', u'rock', u'singer-songwriter', u'soft rock']",,,,,,"{'acousticness': None, 'genres': [u'album rock', u'classic funk rock', u'classic rock', u'dance rock', u'folk rock', u'mellow gold', u'new romantic', u'new wave', u'new wave pop', u'rock', u'singer-songwriter', u'soft rock'], 'artist_img': u'https://i.scdn.co/image/85f14ce6e022d573a1b3e1c973e22acf454f0c5e', 'song_uri': None, 'exact_song_match': False, 'explicit': None, 'song_name': None, 'liveness': None, 'tempo': None, 'preview_url': None, 'artist_uri': None, 'song_pop': None, 'artist_pop': 70, 'instrumentalness': None, 'key': None, 'duration_ms': None, 'loudness': None, 'valence': None, 'energy': None, 'danceability': None}",,,,,
3220,Thomas Dolby,Thomas Dolby,23.0,She Blinded Me Withh Science,1983.0,1983.0,,https://i.scdn.co/image/5b332c85c33951c9105ff8b4d20cd8c8403efbec,44.0,,,,,False,,"[u'art rock', u'dance rock', u'new romantic', u'new wave', u'new wave pop', u'post-punk', u'power pop', u'steampunk', u'synthpop', u'zolo']",,,,,,"{'acousticness': None, 'genres': [u'art rock', u'dance rock', u'new romantic', u'new wave', u'new wave pop', u'post-punk', u'power pop', u'steampunk', u'synthpop', u'zolo'], 'artist_img': u'https://i.scdn.co/image/5b332c85c33951c9105ff8b4d20cd8c8403efbec', 'song_uri': None, 'exact_song_match': False, 'explicit': None, 'song_name': None, 'liveness': None, 'tempo': None, 'preview_url': None, 'artist_uri': None, 'song_pop': None, 'artist_pop': 44, 'instrumentalness': None, 'key': None, 'duration_ms': None, 'loudness': None, 'valence': None, 'energy': None, 'danceability': None}",,,,,
3243,Naked Eyes,Naked Eyes,46.0,Always Somethmg There To Remind Me,1983.0,1983.0,,https://i.scdn.co/image/3e6e0162a1290fc126a21fa66eaa374d216e8ca6,44.0,,,,,False,,"[u'dance rock', u'new romantic', u'new wave', u'new wave pop', u'synthpop']",,,,,,"{'acousticness': None, 'genres': [u'dance rock', u'new romantic', u'new wave', u'new wave pop', u'synthpop'], 'artist_img': u'https://i.scdn.co/image/3e6e0162a1290fc126a21fa66eaa374d216e8ca6', 'song_uri': None, 'exact_song_match': False, 'explicit': None, 'song_name': None, 'liveness': None, 'tempo': None, 'preview_url': None, 'artist_uri': None, 'song_pop': None, 'artist_pop': 44, 'instrumentalness': None, 'key': None, 'duration_ms': None, 'loudness': None, 'valence': None, 'energy': None, 'danceability': None}",,,,,
3358,Quincy Jones,Quincy Jones,61.0,Owe Hundred Ways,1982.0,1982.0,,https://i.scdn.co/image/b7439d0f4bcec4844b9527c4a0220c75ae253f2a,55.0,,,,,False,,"[u'adult standards', u'classic funk rock', u'disco', u'funk', u'funk rock', u'jazz blues', u'jazz christmas', u'jazz funk', u'jazz fusion', u'memphis soul', u'motown', u'quiet storm', u'smooth jazz', u'soul', u'soul blues', u'soul christmas', u'soul jazz', u'southern soul', u'vocal jazz']",,,,,,"{'acousticness': None, 'genres': [u'adult standards', u'classic funk rock', u'disco', u'funk', u'funk rock', u'jazz blues', u'jazz christmas', u'jazz funk', u'jazz fusion', u'memphis soul', u'motown', u'quiet storm', u'smooth jazz', u'soul', u'soul blues', u'soul christmas', u'soul jazz', u'southern soul', u'vocal jazz'], 'artist_img': u'https://i.scdn.co/image/b7439d0f4bcec4844b9527c4a0220c75ae253f2a', 'song_uri': None, 'exact_song_match': False, 'explicit': None, 'song_name': None, 'liveness': None, 'tempo': None, 'preview_url': None, 'artist_uri': None, 'song_pop': None, 'artist_pop': 55, 'instrumentalness': None, 'key': None, 'duration_ms': None, 'loudness': None, 'valence': None, 'energy': None, 'danceability': None}",,,,,
3361,Sheena Easton,Sheena Easton,64.0,You Could Have Been Wih Me,1982.0,1982.0,,https://i.scdn.co/image/abf2b9f11006846cd589026a50e0a0f7b74322fc,45.0,,,,,False,,"[u'dance rock', u'disco', u'freestyle', u'mellow gold', u'new romantic', u'new wave pop', u'soft rock', u'soul christmas']",,,,,,"{'acousticness': None, 'genres': [u'dance rock', u'disco', u'freestyle', u'mellow gold', u'new romantic', u'new wave pop', u'soft rock', u'soul christmas'], 'artist_img': u'https://i.scdn.co/image/abf2b9f11006846cd589026a50e0a0f7b74322fc', 'song_uri': None, 'exact_song_match': False, 'explicit': None, 'song_name': None, 'liveness': None, 'tempo': None, 'preview_url': None, 'artist_uri': None, 'song_pop': None, 'artist_pop': 45, 'instrumentalness': None, 'key': None, 'duration_ms': None, 'loudness': None, 'valence': None, 'energy': None, 'danceability': None}",,,,,
3370,Journey,Journey,73.0,Don’t Stop Bellevin’,1982.0,1982.0,,https://i.scdn.co/image/38fad8a01867e5b02344ed35c29ed420a8f46837,72.0,,,,,False,,"[u'album rock', u'blues-rock', u'classic rock', u'hard rock', u'mellow gold', u'rock', u'soft rock']",,,,,,"{'acousticness': None, 'genres': [u'album rock', u'blues-rock', u'classic rock', u'hard rock', u'mellow gold', u'rock', u'soft rock'], 'artist_img': u'https://i.scdn.co/image/38fad8a01867e5b02344ed35c29ed420a8f46837', 'song_uri': None, 'exact_song_match': False, 'explicit': None, 'song_name': None, 'liveness': None, 'tempo': None, 'preview_url': None, 'artist_uri': None, 'song_pop': None, 'artist_pop': 72, 'instrumentalness': None, 'key': None, 'duration_ms': None, 'loudness': None, 'valence': None, 'energy': None, 'danceability': None}",,,,,
3431,Gino Vannelli,Gino Vannelli,34.0,Living Outside Myself,1981.0,1981.0,,https://i.scdn.co/image/03aab811fef9aac0ed60e15133ff398bff98a012,43.0,,,,,False,,"[u'mellow gold', u'soft rock']",,,,,,"{'acousticness': None, 'genres': [u'mellow gold', u'soft rock'], 'artist_img': u'https://i.scdn.co/image/03aab811fef9aac0ed60e15133ff398bff98a012', 'song_uri': None, 'exact_song_match': False, 'explicit': None, 'song_name': None, 'liveness': None, 'tempo': None, 'preview_url': None, 'artist_uri': None, 'song_pop': None, 'artist_pop': 43, 'instrumentalness': None, 'key': None, 'duration_ms': None, 'loudness': None, 'valence': None, 'energy': None, 'danceability': None}",,,,,
3888,Dr. Buzzard’s Original Savannah Band,Dr. Buzzard’s Original Savannah Band,91.0,Whispering-Cherchez La Femme-C’est Si Bon,1977.0,1977.0,,https://i.scdn.co/image/2c4aa07a28cd16de2e0debec81ce366608d56dfa,36.0,,,,,False,,"[u'classic funk rock', u'deep disco', u'disco', u'funk', u'jazz funk', u'post-disco', u'quiet storm']",,,,,,"{'acousticness': None, 'genres': [u'classic funk rock', u'deep disco', u'disco', u'funk', u'jazz funk', u'post-disco', u'quiet storm'], 'artist_img': u'https://i.scdn.co/image/2c4aa07a28cd16de2e0debec81ce366608d56dfa', 'song_uri': None, 'exact_song_match': False, 'explicit': None, 'song_name': None, 'liveness': None, 'tempo': None, 'preview_url': None, 'artist_uri': None, 'song_pop': None, 'artist_pop': 36, 'instrumentalness': None, 'key': None, 'duration_ms': None, 'loudness': None, 'valence': None, 'energy': None, 'danceability': None}",,,,,
4045,Barry White,Barry White,48.0,"You’re The First, The Last, My Everthing",1975.0,1975.0,,https://i.scdn.co/image/fc2d1574cdfce47f315c838662125cacd8aa852f,63.0,,,,,False,,"[u'adult standards', u'chicago soul', u'classic funk rock', u'disco', u'funk', u'funk rock', u'jazz blues', u'jazz funk', u'memphis soul', u'motown', u'quiet storm', u'soul', u'soul blues', u'southern soul']",,,,,,"{'acousticness': None, 'genres': [u'adult standards', u'chicago soul', u'classic funk rock', u'disco', u'funk', u'funk rock', u'jazz blues', u'jazz funk', u'memphis soul', u'motown', u'quiet storm', u'soul', u'soul blues', u'southern soul'], 'artist_img': u'https://i.scdn.co/image/fc2d1574cdfce47f315c838662125cacd8aa852f', 'song_uri': None, 'exact_song_match': False, 'explicit': None, 'song_name': None, 'liveness': None, 'tempo': None, 'preview_url': None, 'artist_uri': None, 'song_pop': None, 'artist_pop': 63, 'instrumentalness': None, 'key': None, 'duration_ms': None, 'loudness': None, 'valence': None, 'energy': None, 'danceability': None}",,,,,
4062,Joe Cocker,Joe Cocker,65.0,You Are So Beautiful / It’s A Sin When You Love Somebody,1975.0,1975.0,,https://i.scdn.co/image/1e489a5d8089268a27c23fead0376e903dab0baa,64.0,,,,,False,,"[u'album rock', u'art rock', u'blues-rock', u'british blues', u'classic funk rock', u'classic rock', u'electric blues', u'folk', u'folk rock', u'hard rock', u'mellow gold', u'psychedelic rock', u'rock', u'rockabilly', u'roots rock', u'singer-songwriter', u'soft rock', u'southern rock', u'traditional folk']",,,,,,"{'acousticness': None, 'genres': [u'album rock', u'art rock', u'blues-rock', u'british blues', u'classic funk rock', u'classic rock', u'electric blues', u'folk', u'folk rock', u'hard rock', u'mellow gold', u'psychedelic rock', u'rock', u'rockabilly', u'roots rock', u'singer-songwriter', u'soft rock', u'southern rock', u'traditional folk'], 'artist_img': u'https://i.scdn.co/image/1e489a5d8089268a27c23fead0376e903dab0baa', 'song_uri': None, 'exact_song_match': False, 'explicit': None, 'song_name': None, 'liveness': None, 'tempo': None, 'preview_url': None, 'artist_uri': None, 'song_pop': None, 'artist_pop': 64, 'instrumentalness': None, 'key': None, 'duration_ms': None, 'loudness': None, 'valence': None, 'energy': None, 'danceability': None}",,,,,
4074,John Denver,John Denver,77.0,I’m Sorry / Calypso,1975.0,1975.0,,https://i.scdn.co/image/f2278173bb65e49ea136e224a09043ba4b7279e3,63.0,,,,,False,,"[u'adult standards', u'christmas', u'country christmas', u'folk', u'folk christmas', u'folk rock', u'mellow gold', u'nashville sound', u'rock-and-roll', u'rockabilly', u'singer-songwriter', u'soft rock', u'traditional country', u'traditional folk']",,,,,,"{'acousticness': None, 'genres': [u'adult standards', u'christmas', u'country christmas', u'folk', u'folk christmas', u'folk rock', u'mellow gold', u'nashville sound', u'rock-and-roll', u'rockabilly', u'singer-songwriter', u'soft rock', u'traditional country', u'traditional folk'], 'artist_img': u'https://i.scdn.co/image/f2278173bb65e49ea136e224a09043ba4b7279e3', 'song_uri': None, 'exact_song_match': False, 'explicit': None, 'song_name': None, 'liveness': None, 'tempo': None, 'preview_url': None, 'artist_uri': None, 'song_pop': None, 'artist_pop': 63, 'instrumentalness': None, 'key': None, 'duration_ms': None, 'loudness': None, 'valence': None, 'energy': None, 'danceability': None}",,,,,
4084,Ringo Starr,Ringo Starr,87.0,No No Song / Snookeroo,1975.0,1975.0,,https://i.scdn.co/image/84f2acb46adbe3e5ab16e969a466789678a4c96a,46.0,,,,,False,,"[u'album rock', u'blues-rock', u'brill building pop', u'british blues', u'bubblegum pop', u'classic rock', u'folk', u'folk rock', u'mellow gold', u'merseybeat', u'psychedelic rock', u'rock', u'rock-and-roll', u'rockabilly', u'roots rock', u'singer-songwriter', u'soft rock', u'traditional folk']",,,,,,"{'acousticness': None, 'genres': [u'album rock', u'blues-rock', u'brill building pop', u'british blues', u'bubblegum pop', u'classic rock', u'folk', u'folk rock', u'mellow gold', u'merseybeat', u'psychedelic rock', u'rock', u'rock-and-roll', u'rockabilly', u'roots rock', u'singer-songwriter', u'soft rock', u'traditional folk'], 'artist_img': u'https://i.scdn.co/image/84f2acb46adbe3e5ab16e969a466789678a4c96a', 'song_uri': None, 'exact_song_match': False, 'explicit': None, 'song_name': None, 'liveness': None, 'tempo': None, 'preview_url': None, 'artist_uri': None, 'song_pop': None, 'artist_pop': 46, 'instrumentalness': None, 'key': None, 'duration_ms': None, 'loudness': None, 'valence': None, 'energy': None, 'danceability': None}",,,,,
4085,Paul McCartney and Wings,Paul McCartney and Wings,88.0,Junior’s Farm / Sally G,1975.0,1975.0,,,,,,,,False,,,,,,,,"{'acousticness': None, 'genres': None, 'artist_img': None, 'song_uri': None, 'exact_song_match': False, 'explicit': None, 'song_name': None, 'liveness': None, 'tempo': None, 'preview_url': None, 'artist_uri': None, 'song_pop': None, 'artist_pop': None, 'instrumentalness': None, 'key': None, 'duration_ms': None, 'loudness': None, 'valence': None, 'energy': None, 'danceability': None}",,,,,
4095,Bachman-Turner Overdrive,Bachman-Turner Overdrive,98.0,You Aint Seen Nothin’ Yet / Free Wheelin’,1975.0,1975.0,,https://i.scdn.co/image/0680b00d1907fa7ebf9678f9196eb9f9f57ba821,54.0,,,,,False,,"[u'album rock', u'blues-rock', u'british blues', u'classic funk rock', u'classic rock', u'hard rock', u'mellow gold', u'rock', u'soft rock', u'southern rock']",,,,,,"{'acousticness': None, 'genres': [u'album rock', u'blues-rock', u'british blues', u'classic funk rock', u'classic rock', u'hard rock', u'mellow gold', u'rock', u'soft rock', u'southern rock'], 'artist_img': u'https://i.scdn.co/image/0680b00d1907fa7ebf9678f9196eb9f9f57ba821', 'song_uri': None, 'exact_song_match': False, 'explicit': None, 'song_name': None, 'liveness': None, 'tempo': None, 'preview_url': None, 'artist_uri': None, 'song_pop': None, 'artist_pop': 54, 'instrumentalness': None, 'key': None, 'duration_ms': None, 'loudness': None, 'valence': None, 'energy': None, 'danceability': None}",,,,,
4232,Eddie Kendricks,Eddie Kendricks,35.0,Keep On Truckin’ (Pt. 1),1973.0,1973.0,,https://i.scdn.co/image/d5eff2f40af987b8794a43b6df78a47f41e4dc8f,42.0,,,,,False,,"[u'chicago soul', u'classic funk rock', u'disco', u'funk', u'jazz funk', u'memphis soul', u'motown', u'quiet storm', u'soul', u'soul blues', u'southern soul']",,,,,,"{'acousticness': None, 'genres': [u'chicago soul', u'classic funk rock', u'disco', u'funk', u'jazz funk', u'memphis soul', u'motown', u'quiet storm', u'soul', u'soul blues', u'southern soul'], 'artist_img': u'https://i.scdn.co/image/d5eff2f40af987b8794a43b6df78a47f41e4dc8f', 'song_uri': None, 'exact_song_match': False, 'explicit': None, 'song_name': None, 'liveness': None, 'tempo': None, 'preview_url': None, 'artist_uri': None, 'song_pop': None, 'artist_pop': 42, 'instrumentalness': None, 'key': None, 'duration_ms': None, 'loudness': None, 'valence': None, 'energy': None, 'danceability': None}",,,,,
4336,Badfinger,Badfinger,39.0,Day Atter Day,1972.0,1972.0,,https://i.scdn.co/image/b4205cc4629bb2e89c73280f6401fa242358acbb,48.0,,,,,False,,"[u'album rock', u'blues-rock', u'british blues', u'bubblegum pop', u'classic rock', u'folk rock', u'jangle pop', u'mellow gold', u'power pop', u'psychedelic rock', u'pub rock', u'rock', u'roots rock', u'soft rock', u'southern rock']",,,,,,"{'acousticness': None, 'genres': [u'album rock', u'blues-rock', u'british blues', u'bubblegum pop', u'classic rock', u'folk rock', u'jangle pop', u'mellow gold', u'power pop', u'psychedelic rock', u'pub rock', u'rock', u'roots rock', u'soft rock', u'southern rock'], 'artist_img': u'https://i.scdn.co/image/b4205cc4629bb2e89c73280f6401fa242358acbb', 'song_uri': None, 'exact_song_match': False, 'explicit': None, 'song_name': None, 'liveness': None, 'tempo': None, 'preview_url': None, 'artist_uri': None, 'song_pop': None, 'artist_pop': 48, 'instrumentalness': None, 'key': None, 'duration_ms': None, 'loudness': None, 'valence': None, 'energy': None, 'danceability': None}",,,,,
4383,Beverly Bremers,Beverly Bremers,86.0,Don’t Say You Don’t Rememeer,1972.0,1972.0,,https://i.scdn.co/image/573393b64a43d227323c1f87103da2507bb03dc1,9.0,,,,,False,,[u'bubblegum pop'],,,,,,"{'acousticness': None, 'genres': [u'bubblegum pop'], 'artist_img': u'https://i.scdn.co/image/573393b64a43d227323c1f87103da2507bb03dc1', 'song_uri': None, 'exact_song_match': False, 'explicit': None, 'song_name': None, 'liveness': None, 'tempo': None, 'preview_url': None, 'artist_uri': None, 'song_pop': None, 'artist_pop': 9, 'instrumentalness': None, 'key': None, 'duration_ms': None, 'loudness': None, 'valence': None, 'energy': None, 'danceability': None}",,,,,
4391,Don Mclean,Don Mclean,94.0,Vincent / Castles In The Air,1972.0,1972.0,,https://i.scdn.co/image/9f20b393bb0576561b89f2220afc60268ace2227,61.0,,,,,False,,"[u'adult standards', u'album rock', u'blues-rock', u'brill building pop', u'bubblegum pop', u'classic rock', u'country rock', u'folk', u'folk christmas', u'folk rock', u'mellow gold', u'psychedelic rock', u'rock', u'rock-and-roll', u'rockabilly', u'roots rock', u'singer-songwriter', u'soft rock', u'traditional folk']",,,,,,"{'acousticness': None, 'genres': [u'adult standards', u'album rock', u'blues-rock', u'brill building pop', u'bubblegum pop', u'classic rock', u'country rock', u'folk', u'folk christmas', u'folk rock', u'mellow gold', u'psychedelic rock', u'rock', u'rock-and-roll', u'rockabilly', u'roots rock', u'singer-songwriter', u'soft rock', u'traditional folk'], 'artist_img': u'https://i.scdn.co/image/9f20b393bb0576561b89f2220afc60268ace2227', 'song_uri': None, 'exact_song_match': False, 'explicit': None, 'song_name': None, 'liveness': None, 'tempo': None, 'preview_url': None, 'artist_uri': None, 'song_pop': None, 'artist_pop': 61, 'instrumentalness': None, 'key': None, 'duration_ms': None, 'loudness': None, 'valence': None, 'energy': None, 'danceability': None}",,,,,
4395,Love Unlimited,Love Unlimited,98.0,Walking In The Rain With The One I Love,1972.0,1972.0,,https://i.scdn.co/image/4214b03c8373c07631480b49ad8b87fce28352b3,44.0,,,,,False,,"[u'classic funk rock', u'disco', u'funk', u'jazz funk', u'motown', u'post-disco', u'quiet storm', u'soul']",,,,,,"{'acousticness': None, 'genres': [u'classic funk rock', u'disco', u'funk', u'jazz funk', u'motown', u'post-disco', u'quiet storm', u'soul'], 'artist_img': u'https://i.scdn.co/image/4214b03c8373c07631480b49ad8b87fce28352b3', 'song_uri': None, 'exact_song_match': False, 'explicit': None, 'song_name': None, 'liveness': None, 'tempo': None, 'preview_url': None, 'artist_uri': None, 'song_pop': None, 'artist_pop': 44, 'instrumentalness': None, 'key': None, 'duration_ms': None, 'loudness': None, 'valence': None, 'energy': None, 'danceability': None}",,,,,
4399,Rod Stewart,Rod Stewart,2.0,Maggie May / (Find A) Reason To Believe,1971.0,1971.0,,https://i.scdn.co/image/471b5932209b0cd73d913de7d07e805ffd957cf2,71.0,,,,,False,,"[u'adult standards', u'album rock', u'art rock', u'blues-rock', u'brill building pop', u'christmas', u'classic rock', u'folk', u'folk christmas', u'folk rock', u'mellow gold', u'motown', u'new wave pop', u'rock', u'rockabilly', u'roots rock', u'singer-songwriter', u'soft rock', u'soul']",,,,,,"{'acousticness': None, 'genres': [u'adult standards', u'album rock', u'art rock', u'blues-rock', u'brill building pop', u'christmas', u'classic rock', u'folk', u'folk christmas', u'folk rock', u'mellow gold', u'motown', u'new wave pop', u'rock', u'rockabilly', u'roots rock', u'singer-songwriter', u'soft rock', u'soul'], 'artist_img': u'https://i.scdn.co/image/471b5932209b0cd73d913de7d07e805ffd957cf2', 'song_uri': None, 'exact_song_match': False, 'explicit': None, 'song_name': None, 'liveness': None, 'tempo': None, 'preview_url': None, 'artist_uri': None, 'song_pop': None, 'artist_pop': 71, 'instrumentalness': None, 'key': None, 'duration_ms': None, 'loudness': None, 'valence': None, 'energy': None, 'danceability': None}",,,,,
4400,Carole King,Carole King,3.0,It’s Too Late / I Feel The Earth Move,1971.0,1971.0,,https://i.scdn.co/image/dccbfea56edf3a06f5ba28d3ee91c564bc0a943a,60.0,,,,,False,,"[u'adult standards', u'album rock', u'brill building pop', u'bubblegum pop', u'christmas', u'classic funk rock', u'classic rock', u'disco', u'folk', u'folk christmas', u'folk rock', u'folk-pop', u'jazz blues', u'lilith', u'mellow gold', u'motown', u'nashville sound', u'neo mellow', u'new wave pop', u'pop rock', u'quiet storm', u'rock', u'rock-and-roll', u'rockabilly', u'roots rock', u'singer-songwriter', u'soft rock', u'soul', u'soul blues', u'traditional country', u'traditional folk', u'vocal jazz']",,,,,,"{'acousticness': None, 'genres': [u'adult standards', u'album rock', u'brill building pop', u'bubblegum pop', u'christmas', u'classic funk rock', u'classic rock', u'disco', u'folk', u'folk christmas', u'folk rock', u'folk-pop', u'jazz blues', u'lilith', u'mellow gold', u'motown', u'nashville sound', u'neo mellow', u'new wave pop', u'pop rock', u'quiet storm', u'rock', u'rock-and-roll', u'rockabilly', u'roots rock', u'singer-songwriter', u'soft rock', u'soul', u'soul blues', u'traditional country', u'traditional folk', u'vocal jazz'], 'artist_img': u'https://i.scdn.co/image/dccbfea56edf3a06f5ba28d3ee91c564bc0a943a', 'song_uri': None, 'exact_song_match': False, 'explicit': None, 'song_name': None, 'liveness': None, 'tempo': None, 'preview_url': None, 'artist_uri': None, 'song_pop': None, 'artist_pop': 60, 'instrumentalness': None, 'key': None, 'duration_ms': None, 'loudness': None, 'valence': None, 'energy': None, 'danceability': None}",,,,,
4428,George Harrison,George Harrison,31.0,My Sweet Lord / Isn’t It A Pity,1971.0,1971.0,,https://i.scdn.co/image/091398dd158f0f473ec42c2d7c979acf3db1858d,63.0,,,,,False,,"[u'album rock', u'art rock', u'blues-rock', u'british blues', u'classic rock', u'folk', u'folk rock', u'hard rock', u'mellow gold', u'psychedelic rock', u'rock', u'rock-and-roll', u'rockabilly', u'roots rock', u'singer-songwriter', u'soft rock', u'traditional folk']",,,,,,"{'acousticness': None, 'genres': [u'album rock', u'art rock', u'blues-rock', u'british blues', u'classic rock', u'folk', u'folk rock', u'hard rock', u'mellow gold', u'psychedelic rock', u'rock', u'rock-and-roll', u'rockabilly', u'roots rock', u'singer-songwriter', u'soft rock', u'traditional folk'], 'artist_img': u'https://i.scdn.co/image/091398dd158f0f473ec42c2d7c979acf3db1858d', 'song_uri': None, 'exact_song_match': False, 'explicit': None, 'song_name': None, 'liveness': None, 'tempo': None, 'preview_url': None, 'artist_uri': None, 'song_pop': None, 'artist_pop': 63, 'instrumentalness': None, 'key': None, 'duration_ms': None, 'loudness': None, 'valence': None, 'energy': None, 'danceability': None}",,,,,
4442,Fuzz,Fuzz,45.0,I Love You Foe All Seasons,1971.0,1971.0,,https://i.scdn.co/image/10b713c454413fe5615a11458eadba33ab1c3116,45.0,,,,,False,,[],,,,,,"{'acousticness': None, 'genres': [], 'artist_img': u'https://i.scdn.co/image/10b713c454413fe5615a11458eadba33ab1c3116', 'song_uri': None, 'exact_song_match': False, 'explicit': None, 'song_name': None, 'liveness': None, 'tempo': None, 'preview_url': None, 'artist_uri': None, 'song_pop': None, 'artist_pop': 45, 'instrumentalness': None, 'key': None, 'duration_ms': None, 'loudness': None, 'valence': None, 'energy': None, 'danceability': None}",,,,,
4453,Chicago,Chicago,56.0,Beginnings / Color My World,1971.0,1971.0,,https://i.scdn.co/image/4260b2e2b38e8fc943c54b8052008a841b76f7f9,69.0,,,,,False,,[u'indie r&b'],,,,,,"{'acousticness': None, 'genres': [u'indie r&b'], 'artist_img': u'https://i.scdn.co/image/4260b2e2b38e8fc943c54b8052008a841b76f7f9', 'song_uri': None, 'exact_song_match': False, 'explicit': None, 'song_name': None, 'liveness': None, 'tempo': None, 'preview_url': None, 'artist_uri': None, 'song_pop': None, 'artist_pop': 69, 'instrumentalness': None, 'key': None, 'duration_ms': None, 'loudness': None, 'valence': None, 'energy': None, 'danceability': None}",,,,,
4457,Paul McCartney,Paul McCartney,60.0,"Another Day / Oh Woman, Oh Why",1971.0,1971.0,,https://i.scdn.co/image/efc9085122fb58ca0212a47545fbf7477dffd566,73.0,,,,,False,,"[u'adult standards', u'album rock', u'art rock', u'blues-rock', u'brill building pop', u'classic rock', u'folk', u'folk rock', u'mellow gold', u'pop christmas', u'psychedelic rock', u'rock', u'rockabilly', u'roots rock', u'singer-songwriter', u'soft rock']",,,,,,"{'acousticness': None, 'genres': [u'adult standards', u'album rock', u'art rock', u'blues-rock', u'brill building pop', u'classic rock', u'folk', u'folk rock', u'mellow gold', u'pop christmas', u'psychedelic rock', u'rock', u'rockabilly', u'roots rock', u'singer-songwriter', u'soft rock'], 'artist_img': u'https://i.scdn.co/image/efc9085122fb58ca0212a47545fbf7477dffd566', 'song_uri': None, 'exact_song_match': False, 'explicit': None, 'song_name': None, 'liveness': None, 'tempo': None, 'preview_url': None, 'artist_uri': None, 'song_pop': None, 'artist_pop': 73, 'instrumentalness': None, 'key': None, 'duration_ms': None, 'loudness': None, 'valence': None, 'energy': None, 'danceability': None}",,,,,
4513,Jackson 5,Jackson 5,16.0,The Love You Save / I Found That Girl,1970.0,1970.0,,https://i.scdn.co/image/d6fbea801da2cf0c52c810ba46b2a4e6ca1d847e,68.0,,,,,False,,"[u'classic funk rock', u'disco', u'motown', u'soul']",,,,,,"{'acousticness': None, 'genres': [u'classic funk rock', u'disco', u'motown', u'soul'], 'artist_img': u'https://i.scdn.co/image/d6fbea801da2cf0c52c810ba46b2a4e6ca1d847e', 'song_uri': None, 'exact_song_match': False, 'explicit': None, 'song_name': None, 'liveness': None, 'tempo': None, 'preview_url': None, 'artist_uri': None, 'song_pop': None, 'artist_pop': 68, 'instrumentalness': None, 'key': None, 'duration_ms': None, 'loudness': None, 'valence': None, 'energy': None, 'danceability': None}",,,,,
4516,Sly and The Family Stone,Sly and The Family Stone,19.0,Thank You (Fallettin Me Be Mice Elf Again) / Everybody Is A Star,1970.0,1970.0,,https://i.scdn.co/image/a20b2ce6e88fae6d867b45280a2916312c5b206b,60.0,,,,,False,,"[u'chicago soul', u'classic funk rock', u'disco', u'funk', u'funk rock', u'jazz blues', u'memphis soul', u'motown', u'soul', u'soul blues', u'southern soul']",,,,,,"{'acousticness': None, 'genres': [u'chicago soul', u'classic funk rock', u'disco', u'funk', u'funk rock', u'jazz blues', u'memphis soul', u'motown', u'soul', u'soul blues', u'southern soul'], 'artist_img': u'https://i.scdn.co/image/a20b2ce6e88fae6d867b45280a2916312c5b206b', 'song_uri': None, 'exact_song_match': False, 'explicit': None, 'song_name': None, 'liveness': None, 'tempo': None, 'preview_url': None, 'artist_uri': None, 'song_pop': None, 'artist_pop': 60, 'instrumentalness': None, 'key': None, 'duration_ms': None, 'loudness': None, 'valence': None, 'energy': None, 'danceability': None}",,,,,
4518,Five Stairsteps and Cubie,Five Stairsteps and Cubie,21.0,O-o-h Child / Dear Prudence,1970.0,1970.0,,,,,,,,False,,,,,,,,"{'acousticness': None, 'genres': None, 'artist_img': None, 'song_uri': None, 'exact_song_match': False, 'explicit': None, 'song_name': None, 'liveness': None, 'tempo': None, 'preview_url': None, 'artist_uri': None, 'song_pop': None, 'artist_pop': None, 'instrumentalness': None, 'key': None, 'duration_ms': None, 'loudness': None, 'valence': None, 'energy': None, 'danceability': None}",,,,,
4533,Creedence Clearwater Revival,Creedence Clearwater Revival,36.0,Lookin’ Out My Back Door / Long As I Can See The Light,1970.0,1970.0,,https://i.scdn.co/image/38c60d8ffafeee0a9e4a0f6955cbf3468837dc96,76.0,,,,,False,,"[u'album rock', u'blues-rock', u'classic rock', u'folk rock', u'hard rock', u'mellow gold', u'psychedelic rock', u'rock', u'roots rock', u'singer-songwriter', u'soft rock', u'southern rock']",,,,,,"{'acousticness': None, 'genres': [u'album rock', u'blues-rock', u'classic rock', u'folk rock', u'hard rock', u'mellow gold', u'psychedelic rock', u'rock', u'roots rock', u'singer-songwriter', u'soft rock', u'southern rock'], 'artist_img': u'https://i.scdn.co/image/38c60d8ffafeee0a9e4a0f6955cbf3468837dc96', 'song_uri': None, 'exact_song_match': False, 'explicit': None, 'song_name': None, 'liveness': None, 'tempo': None, 'preview_url': None, 'artist_uri': None, 'song_pop': None, 'artist_pop': 76, 'instrumentalness': None, 'key': None, 'duration_ms': None, 'loudness': None, 'valence': None, 'energy': None, 'danceability': None}",,,,,
4538,Beatles,Beatles,41.0,The Long And Winding Road / For You Blue,1970.0,1970.0,,https://i.scdn.co/image/5f70d98d3e4616a02a3afe2aa9a840b9157b92a1,85.0,,,,,False,,"[u'british invasion', u'classic rock', u'folk rock', u'mellow gold', u'merseybeat', u'protopunk', u'psychedelic rock', u'rock', u'singer-songwriter']",,,,,,"{'acousticness': None, 'genres': [u'british invasion', u'classic rock', u'folk rock', u'mellow gold', u'merseybeat', u'protopunk', u'psychedelic rock', u'rock', u'singer-songwriter'], 'artist_img': u'https://i.scdn.co/image/5f70d98d3e4616a02a3afe2aa9a840b9157b92a1', 'song_uri': None, 'exact_song_match': False, 'explicit': None, 'song_name': None, 'liveness': None, 'tempo': None, 'preview_url': None, 'artist_uri': None, 'song_pop': None, 'artist_pop': 85, 'instrumentalness': None, 'key': None, 'duration_ms': None, 'loudness': None, 'valence': None, 'energy': None, 'danceability': None}",,,,,
4569,Elvis Presley,Elvis Presley,72.0,The Wonder Of You / Mama Liked The Roses,1970.0,1970.0,,https://i.scdn.co/image/4e6bf82acdc3e175e06e902f5c1b32eaab2fe0c0,76.0,,,,,False,,"[u'adult standards', u'brill building pop', u'christmas', u'classic rock', u'folk rock', u'mellow gold', u'rock', u'rock-and-roll', u'rockabilly', u'singer-songwriter', u'soul']",,,,,,"{'acousticness': None, 'genres': [u'adult standards', u'brill building pop', u'christmas', u'classic rock', u'folk rock', u'mellow gold', u'rock', u'rock-and-roll', u'rockabilly', u'singer-songwriter', u'soul'], 'artist_img': u'https://i.scdn.co/image/4e6bf82acdc3e175e06e902f5c1b32eaab2fe0c0', 'song_uri': None, 'exact_song_match': False, 'explicit': None, 'song_name': None, 'liveness': None, 'tempo': None, 'preview_url': None, 'artist_uri': None, 'song_pop': None, 'artist_pop': 76, 'instrumentalness': None, 'key': None, 'duration_ms': None, 'loudness': None, 'valence': None, 'energy': None, 'danceability': None}",,,,,
4570,Creedence Clearwater Revival,Creedence Clearwater Revival,73.0,Up Around The Bend / Run Through The Jungle,1970.0,1970.0,,https://i.scdn.co/image/38c60d8ffafeee0a9e4a0f6955cbf3468837dc96,76.0,,,,,False,,"[u'album rock', u'blues-rock', u'classic rock', u'folk rock', u'hard rock', u'mellow gold', u'psychedelic rock', u'rock', u'roots rock', u'singer-songwriter', u'soft rock', u'southern rock']",,,,,,"{'acousticness': None, 'genres': [u'album rock', u'blues-rock', u'classic rock', u'folk rock', u'hard rock', u'mellow gold', u'psychedelic rock', u'rock', u'roots rock', u'singer-songwriter', u'soft rock', u'southern rock'], 'artist_img': u'https://i.scdn.co/image/38c60d8ffafeee0a9e4a0f6955cbf3468837dc96', 'song_uri': None, 'exact_song_match': False, 'explicit': None, 'song_name': None, 'liveness': None, 'tempo': None, 'preview_url': None, 'artist_uri': None, 'song_pop': None, 'artist_pop': 76, 'instrumentalness': None, 'key': None, 'duration_ms': None, 'loudness': None, 'valence': None, 'energy': None, 'danceability': None}",,,,,
4586,Creedence Clearwater Revival,Creedence Clearwater Revival,89.0,Travelin’ Band / Who’ll Stop The Rain,1970.0,1970.0,,https://i.scdn.co/image/38c60d8ffafeee0a9e4a0f6955cbf3468837dc96,76.0,,,,,False,,"[u'album rock', u'blues-rock', u'classic rock', u'folk rock', u'hard rock', u'mellow gold', u'psychedelic rock', u'rock', u'roots rock', u'singer-songwriter', u'soft rock', u'southern rock']",,,,,,"{'acousticness': None, 'genres': [u'album rock', u'blues-rock', u'classic rock', u'folk rock', u'hard rock', u'mellow gold', u'psychedelic rock', u'rock', u'roots rock', u'singer-songwriter', u'soft rock', u'southern rock'], 'artist_img': u'https://i.scdn.co/image/38c60d8ffafeee0a9e4a0f6955cbf3468837dc96', 'song_uri': None, 'exact_song_match': False, 'explicit': None, 'song_name': None, 'liveness': None, 'tempo': None, 'preview_url': None, 'artist_uri': None, 'song_pop': None, 'artist_pop': 76, 'instrumentalness': None, 'key': None, 'duration_ms': None, 'loudness': None, 'valence': None, 'energy': None, 'danceability': None}",,,,,
4889,Bill Cosby,Bill Cosby,92.0,Little Ole Man (Uptight-Everything’s Alright),1967.0,1967.0,,https://i.scdn.co/image/9023a8ce03d64db0f9e9755cd8bd0e020e17436f,37.0,,,,,False,,"[u'comedy', u'comic']",,,,,,"{'acousticness': None, 'genres': [u'comedy', u'comic'], 'artist_img': u'https://i.scdn.co/image/9023a8ce03d64db0f9e9755cd8bd0e020e17436f', 'song_uri': None, 'exact_song_match': False, 'explicit': None, 'song_name': None, 'liveness': None, 'tempo': None, 'preview_url': None, 'artist_uri': None, 'song_pop': None, 'artist_pop': 37, 'instrumentalness': None, 'key': None, 'duration_ms': None, 'loudness': None, 'valence': None, 'energy': None, 'danceability': None}",,,,,
4929,Mitch Ryder and The Detroit Wheels,Mitch Ryder and The Detroit Wheels,32.0,Devil With A Blue Dress On and Good Golly Miss Molly (Medley),1966.0,1966.0,,https://i.scdn.co/image/9adc828b48ea3e7b2c839d78cb07788e616e1b7c,5.0,,,,,False,,[],,,,,,"{'acousticness': None, 'genres': [], 'artist_img': u'https://i.scdn.co/image/9adc828b48ea3e7b2c839d78cb07788e616e1b7c', 'song_uri': None, 'exact_song_match': False, 'explicit': None, 'song_name': None, 'liveness': None, 'tempo': None, 'preview_url': None, 'artist_uri': None, 'song_pop': None, 'artist_pop': 5, 'instrumentalness': None, 'key': None, 'duration_ms': None, 'loudness': None, 'valence': None, 'energy': None, 'danceability': None}",,,,,
5427,Steve Lawrence,Steve Lawrence,30.0,Portrait Op My Love,1961.0,1961.0,,https://i.scdn.co/image/48c6bbc640ed3e5da6ad7387cb3c217441598c9d,32.0,,,,,False,,"[u'adult standards', u'christmas', u'deep adult standards', u'easy listening', u'lounge', u'vocal jazz']",,,,,,"{'acousticness': None, 'genres': [u'adult standards', u'christmas', u'deep adult standards', u'easy listening', u'lounge', u'vocal jazz'], 'artist_img': u'https://i.scdn.co/image/48c6bbc640ed3e5da6ad7387cb3c217441598c9d', 'song_uri': None, 'exact_song_match': False, 'explicit': None, 'song_name': None, 'liveness': None, 'tempo': None, 'preview_url': None, 'artist_uri': None, 'song_pop': None, 'artist_pop': 32, 'instrumentalness': None, 'key': None, 'duration_ms': None, 'loudness': None, 'valence': None, 'energy': None, 'danceability': None}",,,,,
5599,Everly Brothers,Everly Brothers,2.0,All I Have To Do Is Dream / Claudette,1958.0,1958.0,,https://i.scdn.co/image/ecd862317d93b07ff51218eee3fcb1e971ced621,56.0,,,,,False,,"[u'adult standards', u'brill building pop', u'bubblegum pop', u'christmas', u'folk rock', u'merseybeat', u'nashville sound', u'rock-and-roll', u'rockabilly', u'traditional country', u'traditional folk']",,,,,,"{'acousticness': None, 'genres': [u'adult standards', u'brill building pop', u'bubblegum pop', u'christmas', u'folk rock', u'merseybeat', u'nashville sound', u'rock-and-roll', u'rockabilly', u'traditional country', u'traditional folk'], 'artist_img': u'https://i.scdn.co/image/ecd862317d93b07ff51218eee3fcb1e971ced621', 'song_uri': None, 'exact_song_match': False, 'explicit': None, 'song_name': None, 'liveness': None, 'tempo': None, 'preview_url': None, 'artist_uri': None, 'song_pop': None, 'artist_pop': 56, 'instrumentalness': None, 'key': None, 'duration_ms': None, 'loudness': None, 'valence': None, 'energy': None, 'danceability': None}",,,,,
5603,Billy Vaughn,Billy Vaughn,6.0,Sail Along Silvery Moon / Raunchy,1958.0,1958.0,,https://i.scdn.co/image/711e37e3b96c09d5fc2d89df1e2ca0657de57d5c,41.0,,,,,False,,[u'easy listening'],,,,,,"{'acousticness': None, 'genres': [u'easy listening'], 'artist_img': u'https://i.scdn.co/image/711e37e3b96c09d5fc2d89df1e2ca0657de57d5c', 'song_uri': None, 'exact_song_match': False, 'explicit': None, 'song_name': None, 'liveness': None, 'tempo': None, 'preview_url': None, 'artist_uri': None, 'song_pop': None, 'artist_pop': 41, 'instrumentalness': None, 'key': None, 'duration_ms': None, 'loudness': None, 'valence': None, 'energy': None, 'danceability': None}",,,,,
5604,Perry Como,Perry Como,7.0,Catch A Falling Star / Magic Moments,1958.0,1958.0,,https://i.scdn.co/image/c7dea84b4d5dea683b884cb6ddae2cb407754a0b,51.0,,,,,False,,"[u'adult standards', u'brill building pop', u'cabaret', u'christmas', u'easy listening', u'lounge', u'swing', u'vocal jazz']",,,,,,"{'acousticness': None, 'genres': [u'adult standards', u'brill building pop', u'cabaret', u'christmas', u'easy listening', u'lounge', u'swing', u'vocal jazz'], 'artist_img': u'https://i.scdn.co/image/c7dea84b4d5dea683b884cb6ddae2cb407754a0b', 'song_uri': None, 'exact_song_match': False, 'explicit': None, 'song_name': None, 'liveness': None, 'tempo': None, 'preview_url': None, 'artist_uri': None, 'song_pop': None, 'artist_pop': 51, 'instrumentalness': None, 'key': None, 'duration_ms': None, 'loudness': None, 'valence': None, 'energy': None, 'danceability': None}",,,,,
5610,Everly Brothers,Everly Brothers,13.0,Bird Dog / Devoted To You,1958.0,1958.0,,https://i.scdn.co/image/ecd862317d93b07ff51218eee3fcb1e971ced621,56.0,,,,,False,,"[u'adult standards', u'brill building pop', u'bubblegum pop', u'christmas', u'folk rock', u'merseybeat', u'nashville sound', u'rock-and-roll', u'rockabilly', u'traditional country', u'traditional folk']",,,,,,"{'acousticness': None, 'genres': [u'adult standards', u'brill building pop', u'bubblegum pop', u'christmas', u'folk rock', u'merseybeat', u'nashville sound', u'rock-and-roll', u'rockabilly', u'traditional country', u'traditional folk'], 'artist_img': u'https://i.scdn.co/image/ecd862317d93b07ff51218eee3fcb1e971ced621', 'song_uri': None, 'exact_song_match': False, 'explicit': None, 'song_name': None, 'liveness': None, 'tempo': None, 'preview_url': None, 'artist_uri': None, 'song_pop': None, 'artist_pop': 56, 'instrumentalness': None, 'key': None, 'duration_ms': None, 'loudness': None, 'valence': None, 'energy': None, 'danceability': None}",,,,,
5613,Ricky Nelson,Ricky Nelson,16.0,Stood Up / Waitin’ In School,1958.0,1958.0,,https://i.scdn.co/image/3c0b0278e7cc5a8f062f7797993e099683b10e1e,49.0,,,,,False,,"[u'adult standards', u'brill building pop', u'bubblegum pop', u'christmas', u'doo-wop', u'folk christmas', u'folk rock', u'lounge', u'mellow gold', u'merseybeat', u'nashville sound', u'rock-and-roll', u'rockabilly', u'traditional country', u'traditional folk']",,,,,,"{'acousticness': None, 'genres': [u'adult standards', u'brill building pop', u'bubblegum pop', u'christmas', u'doo-wop', u'folk christmas', u'folk rock', u'lounge', u'mellow gold', u'merseybeat', u'nashville sound', u'rock-and-roll', u'rockabilly', u'traditional country', u'traditional folk'], 'artist_img': u'https://i.scdn.co/image/3c0b0278e7cc5a8f062f7797993e099683b10e1e', 'song_uri': None, 'exact_song_match': False, 'explicit': None, 'song_name': None, 'liveness': None, 'tempo': None, 'preview_url': None, 'artist_uri': None, 'song_pop': None, 'artist_pop': 49, 'instrumentalness': None, 'key': None, 'duration_ms': None, 'loudness': None, 'valence': None, 'energy': None, 'danceability': None}",,,,,
5619,Elvis Presley,Elvis Presley,22.0,Wear My Ring Around Your Neck / Doncha’ Think It’s Time,1958.0,1958.0,,https://i.scdn.co/image/4e6bf82acdc3e175e06e902f5c1b32eaab2fe0c0,76.0,,,,,False,,"[u'adult standards', u'brill building pop', u'christmas', u'classic rock', u'folk rock', u'mellow gold', u'rock', u'rock-and-roll', u'rockabilly', u'singer-songwriter', u'soul']",,,,,,"{'acousticness': None, 'genres': [u'adult standards', u'brill building pop', u'christmas', u'classic rock', u'folk rock', u'mellow gold', u'rock', u'rock-and-roll', u'rockabilly', u'singer-songwriter', u'soul'], 'artist_img': u'https://i.scdn.co/image/4e6bf82acdc3e175e06e902f5c1b32eaab2fe0c0', 'song_uri': None, 'exact_song_match': False, 'explicit': None, 'song_name': None, 'liveness': None, 'tempo': None, 'preview_url': None, 'artist_uri': None, 'song_pop': None, 'artist_pop': 76, 'instrumentalness': None, 'key': None, 'duration_ms': None, 'loudness': None, 'valence': None, 'energy': None, 'danceability': None}",,,,,
5621,Pat Boone,Pat Boone,24.0,Wonderful Time Up There / It’s Too Soon To Know,1958.0,1958.0,,https://i.scdn.co/image/b14cf772679d7a82cc3f89110e4ca2ff3591053a,41.0,,,,,False,,"[u'adult standards', u'brill building pop', u'christmas', u'deep adult standards', u'doo-wop', u'easy listening', u'lounge', u'nashville sound', u'rock-and-roll', u'rockabilly']",,,,,,"{'acousticness': None, 'genres': [u'adult standards', u'brill building pop', u'christmas', u'deep adult standards', u'doo-wop', u'easy listening', u'lounge', u'nashville sound', u'rock-and-roll', u'rockabilly'], 'artist_img': u'https://i.scdn.co/image/b14cf772679d7a82cc3f89110e4ca2ff3591053a', 'song_uri': None, 'exact_song_match': False, 'explicit': None, 'song_name': None, 'liveness': None, 'tempo': None, 'preview_url': None, 'artist_uri': None, 'song_pop': None, 'artist_pop': 41, 'instrumentalness': None, 'key': None, 'duration_ms': None, 'loudness': None, 'valence': None, 'energy': None, 'danceability': None}",,,,,
5624,Bobby Day,Bobby Day,27.0,Rockin Robbin / Over And Over,1958.0,1958.0,,https://i.scdn.co/image/7b96f938bcd6b2f1872ce74c634ac7f4f3104d80,50.0,,,,,False,,"[u'adult standards', u'brill building pop', u'doo-wop', u'motown', u'rock-and-roll', u'rockabilly']",,,,,,"{'acousticness': None, 'genres': [u'adult standards', u'brill building pop', u'doo-wop', u'motown', u'rock-and-roll', u'rockabilly'], 'artist_img': u'https://i.scdn.co/image/7b96f938bcd6b2f1872ce74c634ac7f4f3104d80', 'song_uri': None, 'exact_song_match': False, 'explicit': None, 'song_name': None, 'liveness': None, 'tempo': None, 'preview_url': None, 'artist_uri': None, 'song_pop': None, 'artist_pop': 50, 'instrumentalness': None, 'key': None, 'duration_ms': None, 'loudness': None, 'valence': None, 'energy': None, 'danceability': None}",,,,,
5628,Nat King Cole,Nat King Cole,31.0,Looking Back / Do I Like It,1958.0,1958.0,,https://i.scdn.co/image/d286eab8dd779da54ca4e4d7a946a26ac7c9e518,64.0,,,,,False,,"[u'adult standards', u'brill building pop', u'cabaret', u'christmas', u'jazz blues', u'jazz christmas', u'lounge', u'vocal jazz']",,,,,,"{'acousticness': None, 'genres': [u'adult standards', u'brill building pop', u'cabaret', u'christmas', u'jazz blues', u'jazz christmas', u'lounge', u'vocal jazz'], 'artist_img': u'https://i.scdn.co/image/d286eab8dd779da54ca4e4d7a946a26ac7c9e518', 'song_uri': None, 'exact_song_match': False, 'explicit': None, 'song_name': None, 'liveness': None, 'tempo': None, 'preview_url': None, 'artist_uri': None, 'song_pop': None, 'artist_pop': 64, 'instrumentalness': None, 'key': None, 'duration_ms': None, 'loudness': None, 'valence': None, 'energy': None, 'danceability': None}",,,,,
5646,Elvis Presley,Elvis Presley,49.0,Hard-Headed Woman / Don’t Ask Me Why,1958.0,1958.0,,https://i.scdn.co/image/4e6bf82acdc3e175e06e902f5c1b32eaab2fe0c0,76.0,,,,,False,,"[u'adult standards', u'brill building pop', u'christmas', u'classic rock', u'folk rock', u'mellow gold', u'rock', u'rock-and-roll', u'rockabilly', u'singer-songwriter', u'soul']",,,,,,"{'acousticness': None, 'genres': [u'adult standards', u'brill building pop', u'christmas', u'classic rock', u'folk rock', u'mellow gold', u'rock', u'rock-and-roll', u'rockabilly', u'singer-songwriter', u'soul'], 'artist_img': u'https://i.scdn.co/image/4e6bf82acdc3e175e06e902f5c1b32eaab2fe0c0', 'song_uri': None, 'exact_song_match': False, 'explicit': None, 'song_name': None, 'liveness': None, 'tempo': None, 'preview_url': None, 'artist_uri': None, 'song_pop': None, 'artist_pop': 76, 'instrumentalness': None, 'key': None, 'duration_ms': None, 'loudness': None, 'valence': None, 'energy': None, 'danceability': None}",,,,,
5657,Playmates,Playmates,60.0,Beep Beep (The Little Nash Rambler),1958.0,1958.0,,https://i.scdn.co/image/cfb83758d224e77c00a42b5b69edffa062a10935,15.0,,,,,False,,[u'deep adult standards'],,,,,,"{'acousticness': None, 'genres': [u'deep adult standards'], 'artist_img': u'https://i.scdn.co/image/cfb83758d224e77c00a42b5b69edffa062a10935', 'song_uri': None, 'exact_song_match': False, 'explicit': None, 'song_name': None, 'liveness': None, 'tempo': None, 'preview_url': None, 'artist_uri': None, 'song_pop': None, 'artist_pop': 15, 'instrumentalness': None, 'key': None, 'duration_ms': None, 'loudness': None, 'valence': None, 'energy': None, 'danceability': None}",,,,,
5742,Billy Williams,Billy Williams,45.0,I’m Gonna Sit Rlght Down And Write Myself A Letter,1957.0,1957.0,,https://i.scdn.co/image/8a34e9d91d2ae9d2ee87211207196b5a34754de7,16.0,,,,,False,,"[u'adult standards', u'christmas', u'deep adult standards']",,,,,,"{'acousticness': None, 'genres': [u'adult standards', u'christmas', u'deep adult standards'], 'artist_img': u'https://i.scdn.co/image/8a34e9d91d2ae9d2ee87211207196b5a34754de7', 'song_uri': None, 'exact_song_match': False, 'explicit': None, 'song_name': None, 'liveness': None, 'tempo': None, 'preview_url': None, 'artist_uri': None, 'song_pop': None, 'artist_pop': 16, 'instrumentalness': None, 'key': None, 'duration_ms': None, 'loudness': None, 'valence': None, 'energy': None, 'danceability': None}",,,,,
5908,Crazy Otto,Crazy Otto,11.0,Crazy Otto Medley I & 11,1955.0,1955.0,,https://i.scdn.co/image/e7ef298b662f9ebfb66ec9a74f53e1f1a3a8c3dd,8.0,,,,,False,,[],,,,,,"{'acousticness': None, 'genres': [], 'artist_img': u'https://i.scdn.co/image/e7ef298b662f9ebfb66ec9a74f53e1f1a3a8c3dd', 'song_uri': None, 'exact_song_match': False, 'explicit': None, 'song_name': None, 'liveness': None, 'tempo': None, 'preview_url': None, 'artist_uri': None, 'song_pop': None, 'artist_pop': 8, 'instrumentalness': None, 'key': None, 'duration_ms': None, 'loudness': None, 'valence': None, 'energy': None, 'danceability': None}",,,,,
6107,Gordon Jenkins,Gordon Jenkins,30.0,I Don’t See Me In Your Eyes Any More,1949.0,1949.0,,,28.0,,,,,False,,[],,,,,,"{'acousticness': None, 'genres': [], 'artist_img': None, 'song_uri': None, 'exact_song_match': False, 'explicit': None, 'song_name': None, 'liveness': None, 'tempo': None, 'preview_url': None, 'artist_uri': None, 'song_pop': None, 'artist_pop': 28, 'instrumentalness': None, 'key': None, 'duration_ms': None, 'loudness': None, 'valence': None, 'energy': None, 'danceability': None}",,,,,
6298,Joe Liggins,Joe Liggins,57.0,The Honeydripper (Parts 1 & 2),1945.0,1945.0,,https://i.scdn.co/image/cf1ad24ebbcb97c1dc9f2a582ce6df19f77f0049,24.0,,,,,False,,"[u'boogie-woogie', u'jazz blues', u'jump blues', u'piano blues']",,,,,,"{'acousticness': None, 'genres': [u'boogie-woogie', u'jazz blues', u'jump blues', u'piano blues'], 'artist_img': u'https://i.scdn.co/image/cf1ad24ebbcb97c1dc9f2a582ce6df19f77f0049', 'song_uri': None, 'exact_song_match': False, 'explicit': None, 'song_name': None, 'liveness': None, 'tempo': None, 'preview_url': None, 'artist_uri': None, 'song_pop': None, 'artist_pop': 24, 'instrumentalness': None, 'key': None, 'duration_ms': None, 'loudness': None, 'valence': None, 'energy': None, 'danceability': None}",,,,,
6365,Joe Loss Orchestra,Joe Loss Orchestra,44.0,‘V’ Stands For Victory,1941.0,1941.0,,https://i.scdn.co/image/810531c848f8d609db2301c1916093da7749e220,4.0,,,,,False,,[u'ballroom'],,,,,,"{'acousticness': None, 'genres': [u'ballroom'], 'artist_img': u'https://i.scdn.co/image/810531c848f8d609db2301c1916093da7749e220', 'song_uri': None, 'exact_song_match': False, 'explicit': None, 'song_name': None, 'liveness': None, 'tempo': None, 'preview_url': None, 'artist_uri': None, 'song_pop': None, 'artist_pop': 4, 'instrumentalness': None, 'key': None, 'duration_ms': None, 'loudness': None, 'valence': None, 'energy': None, 'danceability': None}",,,,,
6387,Kay Kyser,Kay Kyser,66.0,"Alexander the Swoose (Half Swan, Half Goose)",1941.0,1941.0,,https://i.scdn.co/image/b670ed6415a84e97c2c272c2dd905984a3fff7c3,33.0,,,,,False,,"[u'big band', u'swing']",,,,,,"{'acousticness': None, 'genres': [u'big band', u'swing'], 'artist_img': u'https://i.scdn.co/image/b670ed6415a84e97c2c272c2dd905984a3fff7c3', 'song_uri': None, 'exact_song_match': False, 'explicit': None, 'song_name': None, 'liveness': None, 'tempo': None, 'preview_url': None, 'artist_uri': None, 'song_pop': None, 'artist_pop': 33, 'instrumentalness': None, 'key': None, 'duration_ms': None, 'loudness': None, 'valence': None, 'energy': None, 'danceability': None}",,,,,
6397,Kay Kyser,Kay Kyser,76.0,(Lights Out) Til Reveille,1941.0,1941.0,,https://i.scdn.co/image/b670ed6415a84e97c2c272c2dd905984a3fff7c3,33.0,,,,,False,,"[u'big band', u'swing']",,,,,,"{'acousticness': None, 'genres': [u'big band', u'swing'], 'artist_img': u'https://i.scdn.co/image/b670ed6415a84e97c2c272c2dd905984a3fff7c3', 'song_uri': None, 'exact_song_match': False, 'explicit': None, 'song_name': None, 'liveness': None, 'tempo': None, 'preview_url': None, 'artist_uri': None, 'song_pop': None, 'artist_pop': 33, 'instrumentalness': None, 'key': None, 'duration_ms': None, 'loudness': None, 'valence': None, 'energy': None, 'danceability': None}",,,,,
6524,Ink Spots with Ella Fitzgerald,Ink Spots with Ella Fitzgerald,24.0,Cow-Cow Boogie -(Cuma-Ti-Yi-Yi-Ay) ,1944.0,1944.0,,,,,,,,False,,,,,,,,"{'acousticness': None, 'genres': None, 'artist_img': None, 'song_uri': None, 'exact_song_match': False, 'explicit': None, 'song_name': None, 'liveness': None, 'tempo': None, 'preview_url': None, 'artist_uri': None, 'song_pop': None, 'artist_pop': None, 'instrumentalness': None, 'key': None, 'duration_ms': None, 'loudness': None, 'valence': None, 'energy': None, 'danceability': None}",,,,,
